mean_R,mean_G,mean_B,std_R,std_G,std_B,mean_H,mean_S,mean_V,std_S,std_V,mean_L,mean_a,mean_b,std_L,std_a,std_b,mean_chroma,R_ratio,G_ratio,B_ratio,fundus_pixels,image,mask_touches_border,outlier_mean_R,outlier_mean_G,outlier_mean_B,outlier_mean_L,outlier_mean_a,outlier_mean_b,outlier_mean_S,outlier_mean_V,color_outlier_feature_count,color_outlier,outlier_features
64.20079773928208,45.1051613425812,40.68660214128137,29.035241352479538,17.795585951841453,12.532418548306085,41.18805817131839,90.80008056408359,64.66236362871115,29.606185321995813,28.334967783439552,52.42337577407433,135.93744709135467,134.25621899930593,22.78460268812923,4.988987936870426,5.69431878518056,10.801441192626953,0.41440874338150024,0.2988455593585968,0.2867460548877716,5036984,1ca62b3e4fd3.png,False,False,False,False,False,False,True,True,False,2,True,"mean_b,mean_S"
70.93051327354539,58.152143389425234,48.808324458309585,22.428473864881237,13.284046422060944,10.199751607594099,25.53422400457719,79.02286536147231,72.02888453327597,32.59688199706891,21.27517784170601,65.173402484773,132.03659014213034,135.91674928360925,16.667927026681287,4.830611101808024,5.272348365354819,10.011384963989258,0.3927474021911621,0.3281523287296295,0.27910012006759644,4565246,1d29cb2f4296.png,False,False,False,False,False,False,True,True,False,2,True,"mean_b,mean_S"
48.79314973295368,41.02105025633461,36.42082140339139,17.76065795248922,12.226188163767388,10.013788857112052,27.283174677178184,62.82792019077371,48.983442952707826,28.998149583896737,17.58195879158,44.05585693200965,130.6902543678733,132.3622983982489,14.74190012421549,3.8122842538670327,3.583978506766865,5.7994704246521,0.3843895196914673,0.3248134255409241,0.29079699516296387,4555764,1e036f2e7095.png,False,False,False,False,False,False,True,True,False,2,True,"mean_b,mean_S"
103.21528965478925,89.50154193824348,80.17644700210657,42.248737169414774,44.2877127712639,45.24649673526828,33.64381059228234,76.83696822877585,108.99637994268689,33.840058209804,48.18401351060765,98.64713745708377,132.7565598477541,135.85790739534602,45.024363560894216,7.7936669261319516,8.929075226166704,12.955263137817383,0.3830550014972687,0.3243224322795868,0.29262247681617737,1493899,1e742358e0b9.png,False,False,False,True,False,False,True,True,False,3,True,"mean_B,mean_b,mean_S"
74.89889239528613,64.14899023209564,57.266795392006784,28.86134417776614,22.3938500364276,19.247911454868998,33.28950777457523,63.45340294610408,75.99243950442205,27.1614116617686,27.887000195580352,71.09936253785835,131.4223690663016,133.90394704147184,25.541937033061753,4.999100761542053,5.006589296405347,8.293801307678223,0.37774133682250977,0.32658013701438904,0.29567864537239075,4563722,1e7ccd4a1c87.png,False,False,False,False,False,False,True,True,False,2,True,"mean_b,mean_S"
55.006064213349994,44.40499771045209,39.38678673807771,27.27190047629514,18.462854444390985,11.92416330481516,44.69340642085677,74.58612824895616,56.00664985140854,30.091590127895884,26.088621736515087,48.86259883015859,131.92159324637169,132.98780362414112,22.98245639679824,3.9792502679147197,5.933219863018601,7.661571979522705,0.38148728013038635,0.31594493985176086,0.30256760120391846,5018458,1fddd7c98fd2.png,False,False,False,False,False,False,True,True,False,2,True,"mean_b,mean_S"
75.15124666207659,64.9388271984496,60.395092896495775,25.788104322551828,16.269557111522445,14.017442169530343,42.16695007698096,62.51891741934749,77.97281233167948,29.4424594124135,23.690033558034788,72.41143661418755,131.73887829995886,132.4628089701994,19.414590577356375,5.5305018949915095,5.880026414402506,8.327899932861328,0.36970391869544983,0.32456478476524353,0.3057312071323395,4563466,20f86e068276.png,False,False,False,False,False,False,True,True,False,2,True,"mean_b,mean_S"
80.66097057597119,62.4884350636453,51.510898251272536,31.888999675315997,23.114274055464058,20.252448247151488,17.021232637358832,88.1089568625594,80.73589734145895,32.04653751756532,31.77911897380204,71.08359674080661,134.09029472259894,137.7618366746511,26.661288303477505,5.737813190968428,5.173519562514679,12.071219444274902,0.41191524267196655,0.3213757276535034,0.2667086720466614,4561374,210bfe0127c6.png,False,False,False,False,False,False,True,True,False,2,True,"mean_b,mean_S"
86.14936486035499,69.92276974932906,65.05003160718049,37.740619250093594,28.46636721607583,24.814374001035688,40.85491808125168,64.96218447879104,87.0142643026956,26.866253665417325,36.518241381149785,78.88664589680067,133.99188530779998,133.4994509914099,32.86033933818098,4.760767747599381,5.475055534223895,9.212299346923828,0.3800652027130127,0.31387799978256226,0.30605706572532654,5039994,2209daf71aab.png,False,False,False,True,False,False,True,True,False,3,True,"mean_B,mean_b,mean_S"
74.70707336468244,58.75505098951098,47.98719075434593,32.31896310976987,22.168973083522175,14.332112367972444,28.93165986474934,89.72600423442447,75.63978401958498,35.14524869371258,31.18474025231782,66.53537941015674,133.2047506027934,137.3025358026902,26.37875966096289,5.3093369618999775,7.056604685253471,11.7276029586792,0.4006488025188446,0.3198050260543823,0.2795462906360626,4925817,237aa50edc34.png,False,False,False,False,False,False,True,True,False,2,True,"mean_b,mean_S"
74.64382387329215,56.8333004588667,51.78583978321108,30.33406227406208,22.385682489440526,17.409496912905375,41.72956650154027,79.01838026643003,75.22323972113986,27.60489078246922,29.579841803664966,65.0748382933429,134.9846488808526,134.11052150942618,27.093593679491644,4.435894393032162,5.437613774229979,10.159921646118164,0.3989372253417969,0.3060522675514221,0.2950100600719452,5039372,24f3e70f0419.png,False,False,False,False,False,False,True,True,False,2,True,"mean_b,mean_S"
51.62012705812384,43.884448888415115,40.47645426723417,20.76058805206079,15.30579014083327,11.230631019572328,44.65503300521664,64.71508139791331,52.92484819466338,28.193869205494604,19.458569578076368,47.68789033212064,130.84738791992993,131.56985844471217,18.40825601400542,3.382643104392914,4.395270484752464,6.032471179962158,0.3711118698120117,0.31912901997566223,0.3097590506076813,5037537,2682e6da9050.png,False,False,False,False,False,False,True,True,False,2,True,"mean_b,mean_S"
59.57641512393665,55.30099308963381,56.88539518470466,26.410804622128175,22.937127734700834,20.4107193542171,80.75765090439184,46.16772957081547,63.13308520984663,26.22230208761034,24.43323497577293,60.025489049088975,130.27477074986268,127.75665233443773,26.505404733261866,3.0367217762944065,3.831154396951308,4.685811996459961,0.3400411307811737,0.31741026043891907,0.3425486981868744,5036202,276b14f72328.png,False,False,False,False,False,False,True,True,False,2,True,"mean_b,mean_S"
61.085126229497426,63.47286706425253,61.45082229313453,19.61466732244813,14.564119454035062,16.899050582204577,55.96604736425976,60.43452952217421,70.13291756919243,31.93496685744057,18.292356545004555,67.99340150551153,127.06012628425127,129.15354268280663,15.84561010802687,5.13322109712254,5.741139361145657,6.872679233551025,0.3280998468399048,0.34164366126060486,0.3302566409111023,4565890,286e9981dd9b.png,False,False,False,False,False,False,True,True,False,2,True,"mean_b,mean_S"
55.36258230213492,41.69519631883003,33.20997692688982,21.45833200869931,14.80337632600669,11.477431181768349,18.674005246281325,102.89406854380601,56.56435950186646,32.84777588965601,21.4068374559124,46.504857635400995,132.99777164639363,136.1455441700918,18.0572836509439,6.405384730234447,5.159725179859431,10.740696907043457,0.4248620867729187,0.3184475600719452,0.25669005513191223,4559420,2bb3c492d6d3.png,False,False,False,False,False,False,True,True,False,2,True,"mean_b,mean_S"
41.696756840069625,36.30305961052397,32.873990258708055,15.422072913730666,11.850567667619472,10.610990881992173,35.612371098257775,65.59696678019212,43.20793030040627,27.253642151256482,15.463745379065276,37.75267134644467,129.927965420697,131.27996729483303,14.08234836055873,3.603262548687885,3.6956154711278995,5.378952503204346,0.37497496604919434,0.3268841803073883,0.2981409430503845,4554632,2c77bf969079.png,False,False,False,False,True,False,True,True,False,3,True,"mean_L,mean_b,mean_S"
71.00785817462533,53.79403280696859,44.029656722076254,33.81231217864027,24.566727180825133,20.461809789750898,17.744584533406346,91.06008372867731,71.07683670406858,32.02811973879642,33.73002091690196,60.86481210410754,134.0227024415672,137.00016366626474,28.717919880867125,5.098326781801191,5.417429867664526,11.237894058227539,0.41627681255340576,0.3187665641307831,0.26495659351348877,4558056,2db0cd3e30da.png,False,False,False,False,False,False,True,True,False,2,True,"mean_b,mean_S"
55.30496217926357,44.47317645261897,43.05557084710733,29.137933819281496,19.30314662909533,14.841952317463326,58.54599703193632,69.75077294153726,57.22260020198107,27.71394646286567,27.655529128428356,49.30443475331302,132.6908687294086,130.80924443249404,23.61222173688656,4.781351168464621,5.4982779691391706,7.259683132171631,0.37432214617729187,0.3085262179374695,0.3171514570713043,5028194,2dc647e00ad3.png,False,False,False,False,False,False,True,True,False,2,True,"mean_b,mean_S"
50.490731383190365,32.16480730667006,27.169259584931485,19.6652276062346,10.884518074322958,6.34760149487207,30.527598355959448,113.79331461970621,50.87972303566597,32.825977206506025,18.95256927181038,37.22104507185715,136.00876330908918,135.0223049591775,14.751409984098226,4.259191739006171,5.201356184730438,11.18256950378418,0.4454500377178192,0.29132887721061707,0.26322099566459656,5026640,2f8d14a7d390.png,False,False,True,False,True,False,True,True,False,4,True,"mean_G,mean_L,mean_b,mean_S"
43.47770303846944,36.46975367484857,36.63672993028579,19.471155146917337,14.996041645417286,11.975859138236885,84.11043061309327,52.46397700721033,44.26430140845968,27.9177659693031,18.7560963783261,38.851022299947914,131.29257353280803,129.17462140578388,18.210752653006317,3.40693882029873,3.505853509824914,4.563448429107666,0.36548173427581787,0.30872800946235657,0.32578980922698975,5022792,30263a7d5609.png,False,False,False,False,True,False,True,True,False,3,True,"mean_L,mean_b,mean_S"
68.72554513067024,65.1034147595483,65.22895156246888,36.8677756192063,29.34853013924482,25.941742518387272,71.02171148933756,49.09333576863017,73.38481786869552,31.943650646912424,34.199848416018355,70.6537828601636,129.68680419790996,128.5052443701697,33.31382871339972,4.737708838973547,5.4962846724887084,5.6139068603515625,0.33443430066108704,0.32345280051231384,0.3421128988265991,4971331,306c841af3fc.png,False,False,False,True,False,False,True,True,False,3,True,"mean_B,mean_b,mean_S"
65.39100022004936,59.03167395380877,57.20954181097441,30.219859677177308,25.970841861188287,23.43931111015346,59.500099062079435,61.27450640375551,69.3958963184784,28.781939866769765,29.75753562682227,64.63834766843344,130.64269862644548,130.30122227059056,29.22483038101895,4.955642968923754,5.639998844494601,6.867936134338379,0.3553955852985382,0.3190789520740509,0.3255256116390228,5017056,33e7bf536fc5.png,False,False,False,False,False,False,True,True,False,2,True,"mean_b,mean_S"
83.46375192870138,83.85352629744129,80.57158132469127,45.33145703330998,43.591983242644496,41.85130091677293,60.81364357201451,64.14765236443105,93.85150567750922,30.26771075586173,46.8943132328398,89.42764858445429,127.793889818442,130.157903367594,46.05359361204278,6.586195210751277,7.82552793513659,8.77045726776123,0.33219534158706665,0.3327266573905945,0.33507803082466125,5037068,3486f7096276.png,False,False,False,True,False,False,True,True,False,3,True,"mean_B,mean_b,mean_S"
50.049511010487684,42.684455273841145,39.90395845102298,24.93752909141308,17.793379198744507,15.905787328103386,44.06978659724001,59.29300884031986,51.32469315897137,26.856358562728623,24.219936146621805,45.74399826667275,130.88177102887357,131.0319492300027,21.62399750839428,4.532686235512594,4.145689035507743,5.739840030670166,0.37113648653030396,0.3222549557685852,0.3066086173057556,4560016,351e842842a2.png,False,False,False,False,False,False,True,True,False,2,True,"mean_b,mean_S"
92.09783106269865,81.81887245084627,71.67843339211494,30.95994642634527,24.27228840810553,22.457208863759803,27.197176315346855,64.74463054285422,94.38499352361929,26.283717042324188,30.214211891611967,90.22666270454353,130.60475870930154,135.58342783473873,26.89998151036254,5.443502083409713,6.35721746678519,9.951164245605469,0.3733411431312561,0.3326508104801178,0.2940077483654022,4613688,35777eb7859d.png,False,False,False,True,False,False,True,True,False,3,True,"mean_B,mean_b,mean_S"
63.426036625574135,50.229845822305556,37.98280688032207,23.7387227194401,15.82587768032036,10.881756287447665,15.503921470890294,98.15242298526294,63.43876293332215,20.06161862570713,23.72098663775875,55.836072701305724,131.78864373123503,137.99303254633094,19.286618782694294,4.606186050861348,4.632251884014381,11.0468168258667,0.414946585893631,0.3314337432384491,0.2536201775074005,4554031,3599029efeb3.png,False,False,False,False,False,False,True,True,False,2,True,"mean_b,mean_S"
59.99059402061479,55.2123126043731,56.27649671507167,24.156640286184423,21.02352042664715,19.497328844952758,70.71571817613581,52.47732013657157,64.21757101479365,29.95298969430745,23.51681915699663,60.338362948758004,130.5442860604127,128.26943306203256,23.78047878772393,4.2724949623933,4.610647181695688,5.557725429534912,0.3458889126777649,0.31660550832748413,0.33750560879707336,4989911,3601dac9bed7.png,False,False,False,False,False,False,True,True,False,2,True,"mean_b,mean_S"
72.9617144779711,53.18539694279883,46.31778045860401,32.822440479592046,20.853347221225683,14.289071242684177,34.43512980910169,89.87884305090913,73.5925083000128,32.91464462075804,31.895421632302128,61.67871542257174,135.6391409059745,135.69829344269198,25.769446900901766,5.299664931599795,6.603899386708708,11.646486282348633,0.40891727805137634,0.30593711137771606,0.28514543175697327,5034932,3694e8c8e09a.png,False,False,False,False,False,False,True,True,False,2,True,"mean_b,mean_S"
56.54185686402418,44.696007181815126,42.06076168490502,24.113540081477417,16.310212479208552,12.077231179301185,52.52291935698275,69.43340577275349,57.3310098672465,30.699658746399308,23.053178961118338,49.898260400805846,132.89104421056564,131.78441917288714,20.1098806139917,3.9846289300631916,4.756990068459587,7.236733436584473,0.38352078199386597,0.3090132176876068,0.30746588110923767,5032711,384e6c915722.png,False,False,False,False,False,False,True,True,False,2,True,"mean_b,mean_S"
71.18429588629756,56.58063960425992,51.903989733550915,31.65310103605726,23.648823921573136,18.464976806419923,44.22563999241301,71.8874454084691,71.79839768804817,27.14729774224205,30.739289989443744,63.89234334021338,133.58827521574509,133.3042013770231,27.892074388980344,4.209132531087253,5.165568084104706,8.654354095458984,0.38663268089294434,0.3104417026042938,0.3029254078865051,4998028,38f1901f214a.png,False,False,False,False,False,False,True,True,False,2,True,"mean_b,mean_S"
100.82692057335782,84.96601237212981,78.33415530829913,36.995877795933374,28.601300684652973,25.421978140598092,42.228436144886075,67.12053832686719,102.92813006547463,28.839331944331768,34.962253239077256,95.13824559371726,133.49906919497377,134.32960847051055,32.34201679366652,5.2498293825067295,6.8452505749321375,10.468511581420898,0.37492528557777405,0.31874099373817444,0.30633386969566345,4869978,4134b290f5f3.png,False,False,False,True,False,False,True,True,False,3,True,"mean_B,mean_b,mean_S"
59.20245894377865,49.59039802365266,42.50583181224525,23.179924461906705,18.33770406890294,16.521076463389225,24.197496805057174,81.20143818476375,61.02259528472927,27.800669339142992,23.058692219983474,54.5107207106851,131.20564708885232,134.24309743237993,20.144447755311003,4.991801797555075,4.692448852819843,8.575912475585938,0.3927532434463501,0.3266288638114929,0.2806175947189331,4560332,4158c340fa49.png,False,False,False,False,False,False,True,True,False,2,True,"mean_b,mean_S"
124.81016771744353,84.79194241000522,64.59312062172172,51.73058182601397,35.061720185466214,25.772367748309946,23.18883538914071,117.22885560883037,125.17493564252192,30.547655381847704,51.02323391298722,100.85120249399988,141.88619418721632,146.18538208525175,40.88035847383102,8.153256083097007,10.272821237223221,23.535688400268555,0.4426409602165222,0.3059157729148865,0.25144314765930176,5038653,41960d5f58c2.png,False,False,False,True,False,False,False,True,False,2,True,"mean_B,mean_S"
183.19332150309532,126.98297254960896,73.84218539562897,23.733664106626655,7.849156065523663,6.33088011415071,15.135298231822569,151.09954162644578,183.20791546967394,13.025883386269792,23.66180239763014,147.67136870458893,144.00678369739254,165.24383970220168,11.430183999471172,7.911439389520985,4.694809887034089,40.970767974853516,0.47549858689308167,0.33163338899612427,0.19286686182022095,865015,4205e9deb058.png,False,False,True,True,False,False,False,False,False,2,True,"mean_G,mean_B"
70.39866642605399,52.28928910268742,48.03983986154051,30.977715100795816,21.320323790904386,16.012904500048183,39.718664814028436,81.80993404790534,70.9639329135317,25.11856031875219,30.126644244532567,60.12122948315324,135.31527229434317,133.75049556881572,26.289147570955414,3.9788817641965464,5.399832151874722,10.102264404296875,0.4013359546661377,0.302861750125885,0.29580238461494446,5037141,42af7282349b.png,False,False,False,False,False,False,True,True,False,2,True,"mean_b,mean_S"
65.25689971090029,28.333629898068597,1.293462003067443,28.899317839995543,18.844275715689857,6.807366576266062,12.657992317819673,252.25814636860892,65.25955657803657,9.22865465114249,28.896726194490146,39.06404441006013,143.4734462586696,149.68716356529174,22.826594421207943,6.785871571992618,9.231531136304804,27.32530975341797,0.7052341103553772,0.2883068025112152,0.00645842868834734,1473540,436fa3fd145a.png,False,False,True,False,True,False,False,False,False,2,True,"mean_G,mean_L"
82.01871594507718,61.82943497253759,55.87073314843006,37.16199669135456,26.01552019877613,21.505086989719718,29.99905443127348,80.51230043703508,82.4726558644228,25.721162581418035,36.394077459258135,71.29644622264063,135.6892367824447,135.02562389959215,30.613706825948523,5.675300379056528,5.587329382317977,11.09381103515625,0.39966949820518494,0.30705881118774414,0.2932718098163605,5035065,43e9c66eb0f3.png,False,False,False,False,False,False,True,True,False,2,True,"mean_b,mean_S"
75.69965755348332,62.09808027098787,50.243270607378605,34.08469339095957,23.829225157432845,15.421316981485276,28.426557597725676,81.67988664113221,76.18478356875994,26.96584407225574,33.320615687612914,69.27659190589262,131.7377635362441,137.33727716810844,28.575067141707827,4.440100533544626,6.671930529499378,10.846719741821289,0.39052748680114746,0.32683324813842773,0.28263944387435913,5038159,44976c3b11a6.png,False,False,False,False,False,False,True,True,False,2,True,"mean_b,mean_S"
58.77574809727379,56.785942953748936,57.858940182790356,24.264314589677287,31.079643288176765,32.397355864429365,71.00443337490367,58.199209846015066,65.63527252788528,25.696013283426915,31.84623905832692,60.91667510381665,129.60134327368567,128.05195537402778,32.72548930593527,5.033910281638524,4.975852547996253,6.181024074554443,0.34626707434654236,0.31815141439437866,0.3355819284915924,5037246,4554062fa836.png,False,False,False,False,False,False,True,True,False,2,True,"mean_b,mean_S"
80.04923213576306,67.0346890434242,59.128489725709876,37.56217159182788,28.862092780503126,22.84143540914584,41.3376162646298,71.06084087948662,81.46538133726486,30.181679353042895,36.05049756719984,74.64023317549132,132.1686503961867,134.78425052904637,33.37979864576487,4.3730608193953655,6.703086802471397,9.519941329956055,0.3766641318798065,0.32075047492980957,0.3025854527950287,5036893,47536db39f00.png,False,False,False,False,False,False,True,True,False,2,True,"mean_b,mean_S"
43.04422524263654,33.20250619155154,28.70537991070281,16.675483455412706,11.425281411049529,8.831130971159247,25.902208087540508,80.18211169420579,43.18866892791305,30.988453907364864,16.50332087161508,35.124971467124745,131.86207312456898,132.78370487768817,14.334258241122786,3.107837103559038,3.4725213895312885,6.68046236038208,0.4046263098716736,0.3169710040092468,0.2784026861190796,4551767,4860f7813654.png,False,False,True,False,True,False,True,True,False,4,True,"mean_G,mean_L,mean_b,mean_S"
87.40404063482923,64.11297047864532,53.400196089215136,36.3568499365507,24.671740699592156,18.425699801494208,30.921414891457403,98.9204494078502,88.71680717907324,34.454743618805395,35.06810354581822,74.79605265818363,136.50833914982445,138.53864441653246,29.339015427934317,7.63741476006915,7.65472942023508,14.963971138000488,0.41532114148139954,0.30900830030441284,0.2756704092025757,4945708,493d99f030e2.png,False,False,False,False,False,False,True,True,False,2,True,"mean_b,mean_S"
45.712462738328405,35.05392787930317,32.96564740648439,14.602152111980732,11.262882131870434,8.106610414895748,49.387375737058235,79.07452635510288,46.90321840158616,29.69267603409379,13.992450299394129,38.08938606017631,132.81563282021804,131.4039655712481,13.639842962858134,4.135048186602615,4.083160855793746,7.369726181030273,0.3965000510215759,0.3053671717643738,0.2981327176094055,4648208,49e4b95ee2dc.png,False,False,False,False,True,False,True,True,False,3,True,"mean_L,mean_b,mean_S"
67.6845653295234,58.146636796191935,46.373591703725026,32.60314597438719,25.28189748908864,21.00158944181139,22.584350340211426,76.42578063893885,67.92450538087598,27.394064740858436,32.37372502881924,63.4627518237013,130.00986967465946,136.76542777037062,28.264510665447492,4.390360748254913,5.2768426410217355,9.606757164001465,0.388713538646698,0.3381982147693634,0.27308839559555054,4557901,4d17559ac1e2.png,False,False,False,False,False,False,True,True,False,2,True,"mean_b,mean_S"
56.9647081076776,51.530330519273654,49.79232398853138,32.75962387539712,26.9201321207427,24.021067377152892,61.93918166613571,64.37594018795795,61.50203010512902,28.705186159651785,33.234857659377866,55.57651939311883,130.35259676648613,130.09373088563237,31.4713107214445,4.921736291169766,6.550187733513494,6.805157661437988,0.35048672556877136,0.31934553384780884,0.33016785979270935,5022400,4d1e7def7624.png,False,False,False,False,False,False,True,True,False,2,True,"mean_b,mean_S"
78.79292668451734,55.03137319897024,45.89948492385011,36.628221887689286,22.3581631126276,15.56240906739227,28.30284830163812,100.25177835251057,79.2803657735372,34.913475270776196,35.90201174365173,64.88505445516059,137.0493520361883,137.8524158957065,27.929049688291105,6.993572265866827,7.451996851155313,14.11553955078125,0.4236914813518524,0.30432000756263733,0.2719886004924774,5038090,50ddd7d976df.png,False,False,False,False,False,False,True,True,False,2,True,"mean_b,mean_S"
79.66596531046747,67.16229253507669,57.16689619022762,37.849189597507866,31.374446939538384,28.163982560555638,24.122071836057373,72.2192286487129,80.04458204509295,30.405145586017476,37.58843286863515,74.05766456209099,131.59792644278755,136.0072525388667,35.559402836623306,4.405367981251402,5.109668994074434,9.577566146850586,0.3894771933555603,0.32875263690948486,0.28177011013031006,4601561,511fd66b2df8.png,False,False,False,False,False,False,True,True,False,2,True,"mean_b,mean_S"
70.39093821785376,55.24443287689022,43.14449337622249,29.60047490883406,19.378290313599347,14.174011270381177,16.72531986992863,93.20741970128509,70.59745306146803,27.698446555206896,29.374297317732857,62.12912527354121,132.62751517528574,138.06733654651035,22.74684354729496,5.166239390654097,5.5274779749116645,11.516170501708984,0.4112704396247864,0.3285658657550812,0.2601635158061981,4558728,55f7f018c61c.png,False,False,False,False,False,False,True,True,False,2,True,"mean_b,mean_S"
70.32957026085937,27.039007914169343,8.100408317137347,20.06184158855953,14.70557678658751,5.919523233262407,8.904286183699408,227.3400545611546,70.32965686586667,9.90203723442424,20.061546868073723,40.83695333773151,147.41226275959215,148.24644218988402,17.147433106072864,2.7213393058060595,5.714597152635046,28.232065200805664,0.6786452531814575,0.24918903410434723,0.07215549796819687,392587,5d3c8c1f57da.png,False,False,True,False,True,False,False,False,False,2,True,"mean_G,mean_L"
78.65203709456456,60.03199242867851,51.64840467547079,25.663245504083655,18.741461485121096,17.790207141620158,26.747688605069076,87.50050104978206,79.36546731140699,37.870017221712644,25.1197061450481,68.96794991387556,134.9159551745146,136.42102212401701,21.62102367133639,5.718373097772422,5.6888240641584025,11.855317115783691,0.412131667137146,0.31521880626678467,0.27264973521232605,4561423,60aa4e649abf.png,False,False,False,False,False,False,True,True,False,2,True,"mean_b,mean_S"
69.25679983042599,56.05112207820252,46.16956567301273,35.990392837023364,25.886340847903035,17.62605105108119,34.65742279262035,80.1299215958375,69.81108732982065,30.33443807076702,35.29051750340027,62.327911953300465,132.02893138206787,136.14777747698326,30.55106024294277,4.645889662381369,7.191412137846425,10.022608757019043,0.39084893465042114,0.3229188919067383,0.28623199462890625,5038508,633fe9dbaf39.png,False,False,False,False,False,False,True,True,False,2,True,"mean_b,mean_S"
79.05392351072382,63.44663894030298,52.21521049077831,27.096963073012404,20.432679742594527,17.851089191331756,23.114984494501797,89.12784332369615,80.68244170792775,33.29031788001281,26.935886792187087,71.69073117278997,133.0566392586076,137.56640409922164,23.36602168122953,6.6194831140745345,6.000508718089166,12.329010009765625,0.4057849645614624,0.3250042796134949,0.2692107558250427,1476573,63c7b0265775.png,False,False,False,False,False,False,True,True,False,2,True,"mean_b,mean_S"
100.44126350564974,81.6711726745336,74.31680728477677,42.303794360049395,31.09553854338444,26.64300630298316,40.00089847170361,75.65379619203044,103.32064546843273,31.611311247325542,41.09168675730405,92.3865805697543,134.7302674642922,135.35999316207375,35.95047736761203,7.47770391245673,7.9910941926409835,12.292745590209961,0.3825283646583557,0.31407150626182556,0.30340006947517395,5030765,63e041a757eb.png,False,False,False,True,False,False,True,True,False,3,True,"mean_B,mean_b,mean_S"
76.8183415870667,57.01755453179976,49.23511092922377,37.0575931562162,24.37459300479705,17.93281096391663,32.23981309620588,88.63411595608876,77.62498273305219,31.679689135394884,36.03159365607899,65.79199381247857,135.38746177455002,136.14785707254183,29.247682249702493,5.949093308042735,6.98916712899382,11.935708999633789,0.40504512190818787,0.30948176980018616,0.2854730188846588,5038528,64c6c6ee0d98.png,False,False,False,False,False,False,True,True,False,2,True,"mean_b,mean_S"
70.6363350866616,44.356500002878434,38.93692206817434,34.5552375871223,18.76473580766396,12.650169015291542,38.04599236084326,106.61872762640431,70.96531927653322,32.000713760237495,34.038165214784385,53.95147620818161,139.0940980854068,136.37773150672749,25.388636543801304,6.997296205974926,6.98598999622833,14.472293853759766,0.43987444043159485,0.28803586959838867,0.2720896303653717,5037467,65dda202653d.png,False,False,False,False,False,False,True,True,False,2,True,"mean_b,mean_S"
69.7351053056472,28.392812133800437,0.1866930007297637,18.1990176577859,12.349915069193933,1.3654015364590284,11.969559400927269,254.49675619023913,69.73515631429214,2.834096623337252,18.198971891915846,41.37587114264125,145.76848060209244,151.7491354034682,14.740123612730233,4.8410392240216655,6.86842646367475,30.117136001586914,0.7184250354766846,0.28022676706314087,0.0013481591595336795,1470339,66460ecab347.png,False,False,True,False,True,False,False,False,False,2,True,"mean_G,mean_L"
68.23661107616107,56.7709764059287,52.18077239866015,31.366990617131567,35.078242813758806,32.92496792006175,46.37341837755776,80.62784321276764,71.11804470841696,30.823862222623315,34.90536893965427,62.812673869831144,132.6706075168378,133.04654907504639,37.06439672981261,6.0447492617347685,5.589915958980215,9.455212593078613,0.39160090684890747,0.3088543117046356,0.2995447814464569,5016684,6a2c3f4ef329.png,False,False,False,False,False,False,True,True,False,2,True,"mean_b,mean_S"
57.283123704494216,55.194096535816705,51.256257590094684,21.308639726375404,23.800612253167664,25.05937269099717,47.65745145461433,62.13515391172913,62.87859507306319,31.299810719932296,26.41290334378049,58.89509056846591,128.65125340219183,131.0601870545492,26.14623615380826,5.149320758090313,6.047703624224425,7.116000175476074,0.3566412329673767,0.3328548073768616,0.31050363183021545,4564337,6af071b0ac6e.png,False,False,False,False,False,False,True,True,False,2,True,"mean_b,mean_S"
96.63530683711122,66.67844148648418,59.74989333323808,44.40955108705335,29.08985764276172,23.075972823218645,38.53289007588323,95.14749502784052,97.13419135084375,28.058085540974467,43.592122147964325,79.34246519885264,139.74842103424885,137.24456713933438,35.53285425556087,6.902890113329004,7.4107019035139485,15.728677749633789,0.4205031991004944,0.2960716187953949,0.2834252715110779,5039058,6bcce181be65.png,False,False,False,False,False,False,True,True,False,2,True,"mean_b,mean_S"
41.90251594128622,37.709232343478774,36.00609173896484,13.253008304472047,10.46048659406549,9.053332133611548,51.03256993893781,47.13110226995491,43.02491017943052,25.158304157711108,12.938113310532085,39.232536546923455,129.652835600714,129.86241173713947,12.962493283913613,3.12302892960272,3.298483310498745,4.099107265472412,0.3612854480743408,0.32507598400115967,0.31363821029663086,4557976,6bf26b777e3a.png,False,False,False,False,True,False,True,True,False,3,True,"mean_L,mean_b,mean_S"
47.9132681239702,41.34987265544823,37.06444312349295,18.12547721470447,11.197895653651207,7.547839009308725,36.0218060127869,61.43633529435385,48.996450546274886,27.385561190307747,16.93231086967792,44.092560519656175,130.21783784815685,131.88877215364028,14.592595815114924,3.6393226856004337,4.114515941431209,5.791047096252441,0.3708474934101105,0.32868072390556335,0.3004719018936157,4557321,6c4ec95dd8ba.png,False,False,False,False,False,False,True,True,False,2,True,"mean_b,mean_S"
70.79216654303858,28.467053285407868,0.6837573129588799,21.048204376797628,15.205389358031868,3.1308258187634506,11.380847387088052,253.21873724978934,70.79229323628358,6.30046449873091,21.048267146073876,41.78872607217564,146.22802876890267,151.56132668261912,18.316812421731193,4.247331254817358,8.665375040700242,30.311784744262695,0.7259023785591125,0.2696380019187927,0.004459932446479797,1468113,6cb96a6fb029.png,False,False,True,False,True,False,False,False,False,2,True,"mean_G,mean_L"
81.08214041938506,76.11080805435179,68.97167444481484,38.35093378833626,33.78909709103195,29.48319068601802,39.86283334920711,45.8948172135181,82.44970970839881,22.138417504996635,37.45188529269812,82.26164698318968,128.63579932377732,132.9746309348064,36.76647334059672,4.356999557199442,4.754588634307257,6.59410285949707,0.35362157225608826,0.3324659764766693,0.3139127790927887,5039760,6cee2e148520.png,False,False,False,True,False,False,True,True,False,3,True,"mean_B,mean_b,mean_S"
56.89189999090269,48.13850280098689,41.71320743963164,18.431956321982124,13.637135285508018,10.69422633975462,27.667175897154294,68.20968327091259,57.480319874785856,26.575304049807265,17.736220310527543,52.51891901963815,130.7684022811246,133.50905972113986,16.284872316950537,2.8664502821230666,3.9264798876276097,7.015892505645752,0.38348710536956787,0.32795825600624084,0.28855472803115845,4561785,6d9effbcde78.png,False,False,False,False,False,False,True,True,False,2,True,"mean_b,mean_S"
108.86523021177688,86.42362012044576,76.69002806311902,33.91541585120193,22.99949153549777,21.323293059513748,25.784623119541,76.05004589557716,109.90978769735646,32.18804796342326,32.613182445178225,98.5264498730478,135.76744283864693,137.2351227131625,26.241886313623066,6.223150478169925,6.567209805641626,13.192931175231934,0.39710313081741333,0.3188082277774811,0.2840885818004608,4564710,6e018411ba4a.png,False,False,False,True,False,False,True,True,False,3,True,"mean_B,mean_b,mean_S"
56.224021263237425,35.87100168082417,29.62941139564565,21.599885564480736,8.650249575054618,5.069155892970548,28.36664957031711,114.03052137138755,57.154674213630074,45.0152634924866,20.372853219978285,42.18644929294383,136.82301395334144,136.12488707853805,13.921127460206463,6.059314955372666,6.505432201027344,12.877100944519043,0.4477379620075226,0.2975684106349945,0.2546938359737396,4558478,70d0392397de.png,False,False,False,False,True,False,True,True,False,3,True,"mean_L,mean_b,mean_S"
66.8262233468891,27.830882293016472,0.4766814992298477,23.533500432528474,15.66527508003679,2.634080209565888,12.065317609729727,253.65809244001096,66.82654050838202,5.319401464330404,23.533479180370954,39.602894794748295,144.48943926934686,150.4302557123026,19.206503404223128,5.369465198629257,9.142606623235464,28.501361846923828,0.7225328683853149,0.2738577723503113,0.003609413281083107,1472436,7269a1d84a57.png,False,False,True,False,True,False,False,False,False,2,True,"mean_G,mean_L"
71.11327635284664,62.065346696565314,55.29069594135589,31.055370814203698,21.77733913550024,15.292388280713809,38.39254933862242,61.65450808634832,72.64007647851146,28.37910278364643,29.50752420828265,68.5048040198452,130.58379304917975,133.58427153602614,26.07317528014752,4.809287835693004,5.8742728734328,7.758048057556152,0.3661065399646759,0.3263050317764282,0.30758845806121826,5038801,73ef3c3dcbe4.png,False,False,False,False,False,False,True,True,False,2,True,"mean_b,mean_S"
52.747119749882565,53.45238739794262,53.08907178557204,27.712018321299357,21.965127508862594,20.888731752890987,70.58684568689682,50.26110884724893,58.82136585637449,29.86845007786788,26.41783688857145,56.347993223173,127.83840349564677,128.19205649606303,25.716794814106215,4.978230266357434,4.555043191681345,5.1490278244018555,0.32468661665916443,0.33613449335098267,0.33917880058288574,4562017,74211a2b6dcf.png,False,False,False,False,False,False,True,True,False,2,True,"mean_b,mean_S"
74.78606602035256,59.9614756122197,49.543371131348955,36.497826637545366,25.083273456729327,16.64917474954769,39.58691754699925,85.65561470918927,76.81966755159051,38.14097425514235,35.21538974432974,67.48864202619674,132.823365662642,136.81248946559714,29.826170627339398,7.166398414582919,8.269999283221853,12.108131408691406,0.39271998405456543,0.32184234261512756,0.28543779253959656,4900610,7435e9a3e36e.png,False,False,False,False,False,False,True,True,False,2,True,"mean_b,mean_S"
58.218176224892105,43.19758023461324,38.677932045319,25.452798256473454,16.676524282793213,11.85961155354161,33.122925153393716,83.70105041078654,58.57821179099753,26.22102977112738,24.849299674721074,48.87942197139826,134.03698398632133,133.56833346399378,20.975275313285668,4.05395843079946,4.827208219502565,8.82886791229248,0.404471755027771,0.3058888018131256,0.2896393835544586,5038505,74898f372d2b.png,False,False,False,False,False,False,True,True,False,2,True,"mean_b,mean_S"
104.11501683129036,85.04008834058139,72.27934604265873,47.80720917539299,35.30612138382242,31.033057624390004,27.3282074387092,84.09740187448133,106.65167431632891,36.07768702711096,45.86623057892151,95.2978459739218,134.0014965262247,138.4395941753779,39.46712856717247,7.069785630137749,8.205881917892198,14.066551208496094,0.39363962411880493,0.3261866867542267,0.2801734507083893,4589963,7aabd768abff.png,False,False,False,True,False,False,True,True,False,3,True,"mean_B,mean_b,mean_S"
70.22612785436515,66.38908539898824,62.50655547766185,32.080232411328694,27.066209007576013,26.991086808018657,46.995749514283375,66.67099414600355,76.69665031774647,31.06724506266435,31.20203190245737,71.95688539714915,129.35282227960374,131.1233978576361,29.790036488658245,4.85515873281296,7.032101290226302,8.016305923461914,0.35035255551338196,0.33304107189178467,0.31660616397857666,4567478,7b9d519cbd66.png,False,False,False,False,False,False,True,True,False,2,True,"mean_b,mean_S"
36.02198251504315,27.513952329326273,24.821079603336887,16.746214210765828,12.381426813981818,9.097610079066708,48.421113044511195,85.1391092596761,37.03789461769249,32.856012215501295,16.586139967601905,28.276591005830472,131.59471233488688,131.48146941466754,15.29697886185307,4.064570660514052,4.082679526776489,6.310847759246826,0.40293556451797485,0.30660516023635864,0.29045942425727844,4646966,7eee3d1f1268.png,False,True,True,False,True,False,True,True,True,6,True,"mean_R,mean_G,mean_L,mean_b,mean_S,mean_V"
89.5960059455713,79.40444080732841,74.12190449150692,36.39174675970152,28.81311799970117,24.67059098223366,46.26367785596782,59.810658486336756,92.31111060742886,26.94879461039293,34.02976800254991,87.7846229520843,131.31585131777194,132.7012455796912,32.60857590292311,5.013939027196964,6.126498606737757,8.303006172180176,0.3599523901939392,0.32233065366744995,0.3177166283130646,5029626,7f0ffeb0a333.png,False,False,False,True,False,False,True,True,False,3,True,"mean_B,mean_b,mean_S"
66.40725244164177,51.59132351375612,40.58960900874141,17.02390333184605,12.637740812339718,11.948296187004376,21.055598416355505,101.40290692605701,67.9259989669598,39.774711204901806,16.361244799944892,58.42486713517099,133.06357994429993,137.71100065145495,14.106879857004518,5.96819668935521,5.204319681683094,12.235156059265137,0.41940000653266907,0.32471591234207153,0.25588420033454895,4565166,8191ae701985.png,False,False,False,False,False,False,True,True,False,2,True,"mean_b,mean_S"
74.55683703422645,63.13719770659461,55.175099977297734,27.039339136173925,26.32474230466699,24.157194423584,36.72344806975153,79.84212536891187,77.28439770722964,26.718765228422797,28.946140753378753,70.23134703036865,131.78436238376995,134.8857161057513,28.75351510339575,5.272501873922058,6.31854631338987,10.045681953430176,0.3851846754550934,0.3210839033126831,0.2937316596508026,5039144,81d79d53ed7b.png,False,False,False,False,False,False,True,True,False,2,True,"mean_b,mean_S"
82.05731420462234,67.84515577950751,62.29542979586563,38.4859080090343,29.70957627585707,27.728432393601597,33.138885530532704,59.951549159302026,82.46646204621472,29.51576591798964,38.094502556910555,75.78168153586458,133.06235640294474,133.61124110925303,33.90989027382613,5.717578676815522,4.928175483721611,8.437291145324707,0.3823798596858978,0.3204890191555023,0.29713115096092224,4573997,838b3e4d0bb4.png,False,False,False,False,False,False,True,True,False,2,True,"mean_b,mean_S"
79.99203222314942,68.35048912444483,60.96556387079896,37.59215926088647,29.641464981215158,24.54498741533738,39.51593111280403,67.65224283471345,81.38567859128284,28.710481691107272,36.05681834707474,75.75794062682051,131.67735530043274,134.2446738504233,33.58008760239112,4.48195246980837,6.142439623145713,8.897005081176758,0.3723175823688507,0.32223013043403625,0.30545276403427124,4953954,83fda7c0500b.png,False,False,False,False,False,False,True,True,False,2,True,"mean_b,mean_S"
69.99997819610964,24.38627499611618,0.2576150087079287,15.931204509522985,12.475756964385102,1.4973157526141627,9.999910058952269,254.15065670592276,70.00011038219495,3.8187171088233964,15.9313119888497,39.25637218695746,148.192221734663,150.69259648902855,14.119969664796033,4.298743446961094,7.196106146187946,30.882049560546875,0.7543155550956726,0.24333679676055908,0.0023475780617445707,1467628,87d46b1cc4e9.png,False,False,True,False,True,False,False,False,False,2,True,"mean_G,mean_L"
52.45314175028063,41.12493959882423,34.91483110393261,25.537991699564095,17.95171291720885,14.566538468606813,24.977388829454302,82.49086677141692,52.92821563126446,32.60625770062961,25.18629591369408,44.934863547679115,132.1300579741517,134.05558708406065,20.942358166123878,4.514072305331317,4.897643511560668,8.074566841125488,0.4027632772922516,0.3206401467323303,0.2765963673591614,4554961,8846b09384a4.png,False,False,False,False,False,False,True,True,False,2,True,"mean_b,mean_S"
96.73749725041479,84.88294419774415,82.85310463729316,44.898776599040495,35.99489724890319,32.64971251254288,55.35151919340692,48.89839275976619,98.44865758138272,28.1202328281007,43.1008731535975,93.80241250309015,132.40502942707258,130.98262442449027,40.14836037812843,4.890306078461197,5.037100254314539,7.161563396453857,0.35734719038009644,0.31659334897994995,0.3260593116283417,4991662,8be6629a6039.png,False,False,False,True,False,False,True,True,False,3,True,"mean_B,mean_b,mean_S"
88.38418659115382,78.40342278580384,68.43768306156475,35.29836854009556,26.076107277874655,22.7207716525602,34.63648671618109,57.57821126016449,89.80761067366656,31.302581938296633,34.009173044792185,86.32598057039421,130.35717912368764,135.3904819814413,29.080603362455093,5.750729353259553,6.120032624330538,9.380678176879883,0.3691600561141968,0.3348059356212616,0.2960343360900879,4565404,8e6df9eedcd8.png,False,False,False,True,False,False,True,True,False,3,True,"mean_B,mean_b,mean_S"
56.7721357132481,48.80268668624913,41.41175931033908,23.34054009957689,14.067400875156519,9.88672112903159,32.45237866397726,68.1958641586013,57.766884391036655,32.05785033135805,22.501895717525535,53.07110252092432,130.18486471114107,134.017552683285,17.970806685014075,4.856738956112671,5.332186381959203,7.680879592895508,0.3785989582538605,0.3329851031303406,0.28841614723205566,4557138,8e7981855125.png,False,False,False,False,False,False,True,True,False,2,True,"mean_b,mean_S"
47.67286621918133,35.704275132511356,33.32996501392767,19.29130921982202,11.847724090809969,8.930027457880946,46.58100593013189,79.64742471297542,48.67678791086207,36.052810189217546,18.12222670095539,39.2954363529573,133.3324719314321,131.81111564357377,15.56117482301128,4.202838921754993,4.675185427384634,7.669785022735596,0.3976421654224396,0.30559149384498596,0.29676637053489685,4748461,904b03ad5594.png,False,False,False,False,True,False,True,True,False,3,True,"mean_L,mean_b,mean_S"
81.14475154613544,69.64228748748693,64.15478863271724,34.79593017928997,24.565153201514974,20.401838538619995,42.39473987025162,68.94724865498787,84.44675926155948,32.333106708361704,32.32095293161015,77.86257554296834,132.01924304897372,133.2720298091773,28.512319318001243,6.645299606710253,6.464682899671754,9.372076988220215,0.3673042058944702,0.32083719968795776,0.3118583559989929,5031739,9095d43fb132.png,False,False,False,False,False,False,True,True,False,2,True,"mean_b,mean_S"
93.99500857606631,75.94514077673094,63.96242981973832,52.91751134428932,34.638193259129494,24.14200463497247,43.10130163438137,81.89931128601565,97.31006433692659,37.32226948621246,50.22989758322642,85.11965222572469,133.7551071953525,137.68592824143545,41.62490700331586,8.359746274554702,10.964222860858928,14.136387825012207,0.37911829352378845,0.3271416127681732,0.29373979568481445,4565030,91f3c4c1e72b.png,False,False,False,False,False,False,True,True,False,2,True,"mean_b,mean_S"
118.40817490690446,110.28721043558869,105.77375880558351,45.890831395541156,35.448029775885345,31.404026026622663,48.71796279511999,55.273789559649394,125.55120671018003,25.211664015319467,41.75758730995044,119.49293688233931,130.61135829002632,131.78820845463002,39.714730481361514,6.670745698681434,7.486210721756189,9.56096363067627,0.346355140209198,0.3270379900932312,0.32660678029060364,5039984,92889b863ae6.png,False,False,False,True,False,False,True,True,False,3,True,"mean_B,mean_b,mean_S"
104.46183503661946,81.21000307763414,65.29111637071362,31.96485775572362,18.184206019992814,13.271369832544053,20.408884615005494,92.46979263755436,105.47557946593739,33.26781191162841,30.343560168791587,93.04575992920346,135.29545375389222,141.04878981073097,21.87062118611944,6.564023672937641,7.23202287386053,16.04139518737793,0.409421443939209,0.3253147006034851,0.2652634084224701,4565195,97c6cb55866d.png,False,False,False,True,False,False,False,True,False,2,True,"mean_B,mean_S"
91.19318052256635,78.09929224517293,67.4263546551375,40.520400974868544,29.732328256724927,26.54606887375318,31.518050869390493,72.89304214492283,93.76230886913125,34.06758975481773,38.49257943625531,86.64478758034639,131.73126060212482,136.38226780669268,33.7064761807749,6.669823622117663,7.069844193597873,11.34429931640625,0.37743017077445984,0.33187559247016907,0.29069438576698303,4613462,97f290d31813.png,False,False,False,True,False,False,True,True,False,3,True,"mean_B,mean_b,mean_S"
54.030755192446684,51.20389469719311,51.247404917766666,20.48842002963639,18.79890431032223,16.68202457268256,70.15154414983745,46.24426696492963,57.490642899300134,26.96295578621552,19.753025394646986,55.0508641277535,129.37748945515278,128.546869251039,21.580132819575113,2.73648353904867,4.132800729391247,4.3838677406311035,0.34125417470932007,0.32238394021987915,0.3363620340824127,5038954,992b9a07b25f.png,False,False,False,False,False,False,True,True,False,2,True,"mean_b,mean_S"
72.17013122197727,57.28686969403453,46.39436324031504,24.68329846986575,11.268801784267154,10.755692578477655,28.7122756538089,99.32476694293115,75.58487309511183,41.410704759573825,21.764564744057456,65.31693350806222,133.07616944903424,137.60004558144834,14.080846126047184,8.237433885649663,7.305229897482839,13.472013473510742,0.40486109256744385,0.32738813757896423,0.2677508294582367,4563260,9a326446c431.png,False,False,False,False,False,False,True,True,False,2,True,"mean_b,mean_S"
55.58751047822832,47.443049321256446,38.56499528232986,22.980557832979933,18.33253655470206,14.231756889891226,26.15073032867532,78.47684218329651,56.700316090479255,32.568449640555144,22.97009029532979,51.2088462785237,130.09578953971243,135.0524078102334,21.4574677491983,3.9546169719818267,4.91971283690202,8.36563491821289,0.3894166648387909,0.3343702554702759,0.27621328830718994,4559454,9ae54843c69a.png,False,False,False,False,False,False,True,True,False,2,True,"mean_b,mean_S"
70.17612878897152,59.237547847046805,54.815445402213214,34.08772771432642,27.113575412103934,22.894835578044262,46.47814105704771,66.58302726720397,71.98951408102874,31.18283675737246,32.93451052917156,65.69596517223745,131.99992887265543,132.56079182615682,31.060078008455577,4.86086387642043,5.740657968109862,7.845051288604736,0.3738307058811188,0.3165338337421417,0.30963560938835144,5033226,9ba469af2980.png,False,False,False,False,False,False,True,True,False,2,True,"mean_b,mean_S"
125.86836282652604,88.86399198225719,75.85063448234155,44.02989218600042,27.112502966458866,24.12998958178301,21.101130223025244,96.88293990330153,126.49729637821169,37.9846699287765,42.92148543242592,105.08415540467996,141.43648800428056,141.62660044812768,31.820225900423793,8.913184408119072,8.509717183959282,19.945344924926758,0.4269062280654907,0.3074871599674225,0.2656063139438629,4563878,9d62478042b6.png,False,False,False,True,False,False,False,True,False,2,True,"mean_B,mean_S"
78.41723871978196,60.841801151764784,49.30551604481833,34.36583969693478,25.54317810611792,22.99392160046981,15.960932382269451,90.26021825127134,78.5440667977975,29.593618090682867,34.22726307004461,68.96116038504407,133.7263933819564,138.05423901004704,28.66936711440078,5.938679830755627,5.095378412990947,12.196575164794922,0.4120820462703705,0.3243747651576996,0.26354315876960754,4561348,a11c62cb3f86.png,False,False,False,False,False,False,True,True,False,2,True,"mean_b,mean_S"
153.98121758354725,110.87130344528535,93.38078812601522,58.63095279798034,43.04468652871094,36.064104038828724,22.527892214891498,99.64428195355548,154.33760382939582,22.055834510256492,57.87053975785308,127.90053255512348,142.55471108363605,144.31912385900537,48.44507662142496,7.3775109765274935,8.336255854061148,22.500398635864258,0.42290496826171875,0.30585771799087524,0.27123722434043884,5038915,a188c60b93fb.png,False,False,False,True,False,False,False,True,False,2,True,"mean_B,mean_S"
69.71434740040216,54.03063868180501,41.84094597086484,29.898389187895585,20.135890024198062,16.185955271879383,16.87080907598149,95.30789867671207,69.84321321004892,30.5813688463732,29.73949281452563,60.861499082391575,132.9039970847273,138.27549568416708,23.64666553575398,5.325057631237288,5.427237044767177,11.827112197875977,0.4145844280719757,0.32804930210113525,0.25736626982688904,4555320,a2b97d98f130.png,False,False,False,False,False,False,True,True,False,2,True,"mean_b,mean_S"
48.83326300717948,38.82506912988423,36.75705866402679,25.96489877790932,15.973981111269651,10.644561425257375,57.566847650350375,66.32761651096519,49.70953972723395,28.274657890523432,25.176143957182024,42.25955032276494,132.2254198699246,131.08176228434263,20.410733172175725,4.320736214035655,5.307348053919332,6.334360122680664,0.3799499273300171,0.3097555339336395,0.31029418110847473,4827507,a3bd2e034614.png,False,False,False,False,True,False,True,True,False,3,True,"mean_L,mean_b,mean_S"
44.21050768233276,41.68300900914347,40.69330369939847,28.749512194862948,22.00641208036723,19.35056897885484,65.98146459709072,41.15202309550535,46.51998798078506,24.10614184575365,27.81137079200563,43.11838531636479,128.9616625234469,129.02475571977232,25.99089549317841,3.9351941943305673,4.002319760461912,3.9238460063934326,0.33840882778167725,0.32922306656837463,0.3323678970336914,4556038,a8263d248523.png,False,False,False,False,False,False,True,True,False,2,True,"mean_b,mean_S"
55.58230420018548,41.417455579205765,35.414878237922295,27.8452888327768,17.7013496706156,12.181304130106195,29.56919369850014,87.66526531134336,55.96575131664505,30.87083087499075,27.30321442947332,46.377246345002376,133.46878600101056,134.38356599486337,21.923164511569475,4.720656788051045,5.657009838893366,9.066825866699219,0.40637028217315674,0.31122228503227234,0.2824072241783142,4870523,a9dc80cba9a4.png,False,False,False,False,False,False,True,True,False,2,True,"mean_b,mean_S"
102.64317578442382,83.59380654932869,69.88302493733752,43.10033569754811,27.362926874229228,24.226041612252132,30.62806282808314,85.56594568159353,105.80259076787196,41.42424153619764,39.875709063769605,94.5156731666589,133.90579690456846,139.16368793482067,31.33016085940478,9.475357558261148,9.089479854071175,15.325746536254883,0.39114710688591003,0.32880133390426636,0.2800518572330475,4637544,ab32db41c409.png,False,False,False,True,False,False,False,True,False,2,True,"mean_B,mean_S"
60.54613487056671,54.992416224705494,47.34900736057476,28.210833708798013,21.604561913689082,17.46596728726691,37.36387080591837,69.32873097341523,63.467777451089376,28.97696159734706,27.118181757526486,59.21786652301147,129.16098086329492,133.6509159005385,25.504042851061914,4.523215270113305,5.8880379471871755,8.011472702026367,0.36466747522354126,0.3375718593597412,0.2977605164051056,4560921,ac81fc200162.png,False,False,False,False,False,False,True,True,False,2,True,"mean_b,mean_S"
86.20873538578086,80.38461713985026,76.01423866374304,37.837080150711245,39.372377339112205,38.11819382335113,51.91504164096329,59.343207134947356,91.4921836262014,28.829707788906575,39.94259223226425,87.1705998707506,129.96997461640373,131.66839177764342,41.609096202873474,5.566081359736089,6.589069792090854,8.115147590637207,0.3542504906654358,0.32554009556770325,0.3202093541622162,5039869,ae94ce412de9.png,False,False,False,True,False,False,True,True,False,3,True,"mean_B,mean_b,mean_S"
100.06759282978935,80.83391390500744,70.17659452497266,44.961647889650145,35.3395523218899,29.801139981831145,29.56208412895299,76.68292750199272,101.14532798711319,30.695161267063988,43.91918524038524,90.99305080013724,134.2481245930955,137.25230153427682,39.042229146422,6.183543499337439,7.194621520080759,12.372632026672363,0.39013388752937317,0.3186005651950836,0.29126548767089844,5039573,af6a1508cd95.png,False,False,False,True,False,False,True,True,False,3,True,"mean_B,mean_b,mean_S"
79.41296307183893,60.06511283434144,48.88397065262888,34.62941853221634,24.174883439514645,18.978296486419914,19.716788742627838,92.93683457486063,79.599658781089,32.56262444369735,34.40214231780705,68.54550952929604,134.65486828169054,138.06744064317812,28.827562151072502,5.423555940658174,6.139585474516309,12.606334686279297,0.4168957471847534,0.3192189037799835,0.26388514041900635,4558364,b0acd3593310.png,False,False,False,False,False,False,True,True,False,2,True,"mean_b,mean_S"
55.94538402842841,43.203797917392905,34.227691087850054,21.243999310366647,14.07961185273876,10.466350318097355,18.77256311349673,97.11479539645312,56.668058920272095,29.580116418720056,21.17913801283735,47.79993585696587,132.35120001475158,136.12236831360457,17.758155641001558,5.002506985030496,4.864137672898662,10.028020858764648,0.4168700575828552,0.32336679100990295,0.25976327061653137,4555444,b0c9a492e068.png,False,False,False,False,False,False,True,True,False,2,True,"mean_b,mean_S"
74.4025007204571,55.18336823812317,48.11551904269314,28.11208800707851,19.77261391195863,14.780838003497102,32.00099057888231,90.36708201778795,75.34214864518341,32.40200641365715,27.27548965202239,63.92354481560665,135.40127534798276,135.80041830175364,23.73542438525711,5.905808434558035,5.879972379429233,11.848097801208496,0.4097694456577301,0.30674058198928833,0.2834901511669159,5038468,b4e15102cd7a.png,False,False,False,False,False,False,True,True,False,2,True,"mean_b,mean_S"
84.47442808926066,75.47674227854137,70.00452717747572,41.92080056131052,34.50920799737538,32.27639656577756,44.7742127931608,56.33570480488452,87.15657606605158,29.32260924423415,40.739443403236955,82.50676606188001,130.88143306805068,132.6141501655082,38.81347282842317,5.083345268490849,6.336496581366031,7.9620819091796875,0.36193305253982544,0.328519344329834,0.3095480501651764,4614575,b69c224edd6e.png,False,False,False,True,False,False,True,True,False,3,True,"mean_B,mean_b,mean_S"
59.259926133337764,41.366991693389075,30.32212886746238,33.424241311443105,14.760868451282558,8.422116175772723,14.143676210947167,109.38641656180287,59.278722693514126,33.04541379185621,33.40652902703399,47.488644979174445,134.18495545001647,138.48321232096276,22.303930909251946,9.85733033808195,8.649573725320632,12.671976089477539,0.4375461935997009,0.31975024938583374,0.24270343780517578,4574188,b6fd109b1bc9.png,False,False,False,False,False,False,True,True,False,2,True,"mean_b,mean_S"
81.70061932588844,68.7302694849089,60.88585668385776,31.909725847629733,25.479154713376243,20.850872852148818,28.46787114947923,69.09388492877119,82.32175738975933,27.176482416986726,30.877600830944612,76.80822662069413,132.13406175718458,134.83039655242123,28.90150730134329,4.734664455812502,4.9558829312615105,8.97370433807373,0.3804425299167633,0.3205731511116028,0.2989842891693115,4971373,b7f0bc7d399e.png,False,False,False,False,False,False,True,True,False,2,True,"mean_b,mean_S"
86.11896255843538,68.94396391084067,63.56060761822368,39.739326062581824,25.53645977409457,20.08446209568442,46.97127970276228,76.28882266483525,88.8459112347051,33.75407257585651,37.30938112108809,78.58729381808062,134.51344230958483,134.07821373912012,30.83361591226329,7.243713426819511,7.8360751921490515,11.24296760559082,0.37959471344947815,0.31281664967536926,0.30758845806121826,5009593,b86fb2d5be1a.png,False,False,False,False,False,False,True,True,False,2,True,"mean_b,mean_S"
119.46921233830845,85.75635004975125,73.52418149253731,50.057893879807544,32.282193037935954,25.445193029140977,27.414672039800994,95.19885094527363,120.1823615920398,30.902164908190606,48.77987227204078,100.51285611940298,140.04480019900498,140.50945014925372,38.75231381946095,8.040551050822048,8.50314427347173,18.212242126464844,0.4141324460506439,0.3053576946258545,0.28050971031188965,5025000,b8e20c076b03.png,False,False,False,True,False,False,False,True,False,2,True,"mean_B,mean_S"
51.94163344714013,44.70866506277641,42.12215922355636,17.478512327238466,14.108310643781325,11.947940242389894,46.51293922936544,62.74534577718347,53.75373847089706,26.37663519368444,16.389123226266786,48.32820899530341,130.95132627840832,130.89538594751005,17.08996384566443,3.447010368977435,4.263940739128902,6.048259735107422,0.37274369597435,0.3203244209289551,0.30693212151527405,4561825,bcb0498ed2c1.png,False,False,False,False,False,False,True,True,False,2,True,"mean_b,mean_S"
110.2556565991784,89.39827641145587,70.90274338284,43.05764021036703,37.108658905158784,31.698578424369185,25.402388378602435,97.83713304659744,113.28179205081386,36.997036150432486,43.40799682251996,100.29349727433431,134.12821007788938,142.05214529655746,39.35702229190564,8.209918273342897,9.29463050318963,17.53177261352539,0.40709438920021057,0.32713279128074646,0.26577284932136536,1512658,bda91b76095b.png,False,False,False,True,False,False,False,True,False,2,True,"mean_B,mean_S"
95.74114544144213,75.0234473964931,68.97012003181165,38.22507459583579,26.33097337174109,20.833489766309807,37.18092118839669,74.01062491467685,96.86004265363722,24.750070607774344,36.66757839386991,85.7714222614841,135.65117614983856,134.87044572812792,31.768389485096165,5.5105712887213105,6.5898079931994475,11.571307182312012,0.3887980282306671,0.310252845287323,0.30094921588897705,5039664,bde1063a5dd7.png,False,False,False,True,False,False,True,True,False,3,True,"mean_B,mean_b,mean_S"
55.19562130487664,44.143674854160636,45.33906882792047,22.338537478491123,16.127082729490162,13.634406338637186,87.03441634274465,57.636268426229364,55.94860291627107,21.548860508061416,21.295807188952438,49.191099301805586,133.20676668441635,129.1666759981623,20.015280680236025,3.1825521714777207,3.127179642744219,6.166551113128662,0.372623085975647,0.3025347888469696,0.3248422145843506,5036706,beb2ad14fd2d.png,False,False,False,False,False,False,True,True,False,2,True,"mean_b,mean_S"
111.12783086509558,90.41265891875209,78.31447251031837,44.27319336828052,31.93984745059927,27.109588127376806,35.775185700860106,81.33344818586262,113.79082456640027,36.06981310553694,42.092958455667315,101.87813061630357,134.6829335823569,138.26840281878276,36.602673235449316,7.884958797243303,8.927971817756655,14.487330436706543,0.3881308138370514,0.3195897042751312,0.2922798693180084,5038345,bf7221a016b5.png,False,False,False,True,False,False,True,True,False,3,True,"mean_B,mean_b,mean_S"
71.42412924091647,56.45954538131202,54.40814339504049,34.88351776944083,24.16511243074853,19.743440775060826,58.187416235870245,69.85640844075894,72.97644320946154,28.164243921601095,33.288730496459564,64.08739236719569,134.21943407372635,131.7869501999996,29.06327631289634,5.491784274670569,5.898947309824286,8.862631797790527,0.3792833685874939,0.3065258264541626,0.314191073179245,5027510,bfb578c0e8d8.png,False,False,False,False,False,False,True,True,False,2,True,"mean_b,mean_S"
81.8611093414032,64.44716194154655,51.0870177988373,47.14486353591542,34.69124523603634,18.879992573849115,29.844657163335192,85.71048956757187,82.37298180297842,38.34274291501671,46.6536310027988,72.73402843035757,133.4132774548061,138.52815123038943,38.16964793808814,8.226271928282355,12.588978854634641,13.033120155334473,0.400301456451416,0.32049551606178284,0.27920305728912354,5022800,bff51afc76d4.png,False,False,False,False,False,False,True,True,False,2,True,"mean_b,mean_S"
96.01433522926081,83.68902116207737,71.9966290724677,53.7775822897532,54.218836816701796,49.20490319036483,38.75751999818893,77.33442679139728,98.86291515032848,35.43783727337347,55.6181419289645,90.81848165877834,131.47807119796113,136.82126657116203,55.97978476126723,6.317238757182597,7.565174593178741,11.754145622253418,0.384073942899704,0.323652446269989,0.2922733724117279,5035706,c1437a7a52c9.png,False,False,False,True,False,False,True,True,False,3,True,"mean_B,mean_b,mean_S"
73.42371260663988,56.62545787285058,44.28002249695628,21.93244639562677,9.946542516799905,6.929284281258113,24.096721800124442,99.29884354869336,74.87549713082772,39.91309744995815,20.128099972562453,64.73548577284338,133.5744332341718,138.62090022429064,13.440596999357478,6.2795433191981465,6.5920457909280366,13.32603931427002,0.41401830315589905,0.3263474702835083,0.2596341669559479,4565951,c57c164bca05.png,False,False,False,False,False,False,True,True,False,2,True,"mean_b,mean_S"
58.388824499178966,46.19680777204749,34.55844697687224,22.992914895532753,20.62977092884433,14.302343982713921,23.23098617400219,101.4536961933874,59.752574867842455,36.24934909920795,23.93259725800979,50.81229933316868,131.76485296948218,137.61855988762548,23.684152448836457,6.22090455521799,5.4386193997581085,11.689445495605469,0.4189453721046448,0.3273363411426544,0.2537183165550232,4587517,c58971bcebb2.png,False,False,False,False,False,False,True,True,False,2,True,"mean_b,mean_S"
54.66811857062128,52.12159416028046,45.55416154355745,29.716835320231596,24.78018026094649,21.40714358174463,40.3512563760644,59.54523280570516,57.45523120709773,26.612517059742732,29.169795304257754,54.94708368172669,127.91813836133747,132.54670049837517,28.14583287536715,4.382003973797334,4.9441671241070635,6.55720853805542,0.35586288571357727,0.34169188141822815,0.3024454116821289,4560219,c80b0f27541a.png,False,False,False,False,False,False,True,True,False,2,True,"mean_b,mean_S"
64.0145436244209,27.297265081377873,0.6667157951789308,24.72526370310043,15.630619974980359,4.412635023346363,12.431474894537837,253.49810742028447,64.01480239810532,6.242816575061881,24.725135938628043,37.85573604812512,143.56212775813015,149.42129782134293,19.48714031199234,5.623135584891661,8.583708970184384,26.987314224243164,0.7099546194076538,0.2862728238105774,0.0037725185975432396,1472329,ccd6dcb2f568.png,False,False,True,False,True,False,False,False,False,2,True,"mean_G,mean_L"
72.24281907000369,58.95724825463853,57.26631995139878,42.20443552922994,33.927237471878115,30.63760870645424,63.66146779671145,65.51528847015706,73.83904171936778,28.789803229224855,41.199061481568584,65.71329183638917,133.52569331434432,131.23003754643509,38.75967946035347,4.977907636252388,5.605450818886314,8.077658653259277,0.3750498592853546,0.30714812874794006,0.31780198216438293,5020450,cd01672507c9.png,False,False,False,False,False,False,True,True,False,2,True,"mean_b,mean_S"
63.842812384026814,51.35416926055645,46.797513394496,28.4899742868974,22.45479789327314,16.512352308141725,49.33558287485391,73.5631336233678,64.93089456567309,29.357837504962337,27.631161747991708,57.36677290838251,132.83798990433033,132.9382877781126,26.38939826930756,4.026632462113503,5.617743258706371,8.373507499694824,0.3852849006652832,0.3109884262084961,0.30372685194015503,4987683,cec299c2a2d5.png,False,False,False,False,False,False,True,True,False,2,True,"mean_b,mean_S"
111.21667838967936,82.26001133915592,72.54137166872171,49.68987383877855,35.66975625268453,32.30980668071494,39.26520042740513,91.93645659001167,113.04080390843772,38.971736366269006,48.26810982260845,95.65123870046693,138.7598145289656,138.52601345210692,40.75947777626732,9.013560002269239,9.748796876519595,16.792295455932617,0.4077867865562439,0.30560484528541565,0.28660857677459717,4984498,cff262ed8f4c.png,False,False,False,True,False,False,True,True,False,3,True,"mean_B,mean_b,mean_S"
62.27847075700293,22.307637159845015,0.24719511921126322,16.286173416262496,11.511846750886107,1.0509468401735054,10.483251054106846,253.89123687089753,62.280431569351144,4.56538672195456,16.285330871300662,34.27081473795581,145.6699666866152,147.9237965684422,13.612362347251445,5.46158861664563,7.231606102389253,27.290040969848633,0.7494292259216309,0.247499480843544,0.0030716401524841785,1468779,d4583e9525dc.png,False,False,True,False,True,False,False,False,False,2,True,"mean_G,mean_L"
72.86602809208472,66.62933741026066,59.77314040918465,30.13272865792673,21.435744793678555,19.515492646083324,39.39527283428928,68.86044873936846,77.4093379270296,30.54301624980714,27.23312907992882,73.01196670431489,129.6374230923015,133.25455315034165,23.841868136761992,6.05988665315503,6.322844722182578,8.942496299743652,0.3604489266872406,0.3353012502193451,0.30424973368644714,4566838,d5ad3362424c.png,False,False,False,False,False,False,True,True,False,2,True,"mean_b,mean_S"
74.80689178903222,60.96027560493499,54.70144647004457,28.202197723680897,21.161696463878204,18.915382456646707,30.411770894083258,72.48769155882083,76.09698268351873,31.328079492984333,27.27352833677993,68.49013656856602,133.0487739556054,134.1438906644943,24.800484710279523,5.165376629966095,5.199523623067635,9.307694435119629,0.3903009295463562,0.3196742832660675,0.29002490639686584,4562763,d871895742b1.png,False,False,False,False,False,False,True,True,False,2,True,"mean_b,mean_S"
63.14575238545663,32.41123763782374,0.06507088078085058,11.841520741131621,6.537282875563844,0.5900712888256866,15.530855665773776,254.72204011073467,63.14640336607263,2.1613159196338336,11.84071555426678,41.116268671523876,139.98449470177886,151.68581623320057,8.7095977371603,4.6139057566320325,4.533469977800145,26.836273193359375,0.6605458855628967,0.33878111839294434,0.0006720233941450715,1471626,d91635f380b4.png,False,False,True,False,True,False,False,False,False,2,True,"mean_G,mean_L"
76.32141311507701,63.613628531839005,55.87991325140313,41.82350200195582,33.93691970834876,29.53863341289453,29.400496301646815,65.15132944834973,76.75038172409656,32.02043064308807,41.43801409546496,70.15537755534697,132.10481932018564,134.67898895374586,38.0498637103447,5.143044149618747,5.549946047262675,8.785994529724121,0.3857928216457367,0.3238751292228699,0.29033222794532776,4558921,d93b61dc8f64.png,False,False,False,False,False,False,True,True,False,2,True,"mean_b,mean_S"
78.7461300927042,62.50385697692257,52.853881303556946,34.03577930695058,19.10806288623923,14.20732607286092,28.64269061342567,82.07158999758926,80.34243529334414,37.83067611541689,32.4076855498382,70.9469387889281,133.47615573429178,136.60453132876023,24.14655908287901,7.15762486250761,7.3329874459809075,11.783180236816406,0.394720196723938,0.32470762729644775,0.2805720865726471,4562900,d9d2631f043c.png,False,False,False,False,False,False,True,True,False,2,True,"mean_b,mean_S"
90.11635800589471,66.45825182144833,55.77473977901206,26.654158229875943,17.004610217850498,15.976247373413685,21.538944534822534,96.68577436692375,91.28823201323877,38.966466569265656,26.014980212259868,77.73131221830478,136.77498798407106,138.6322873815878,19.779992091383342,6.940361037719848,6.938715726303953,14.87710189819336,0.42258352041244507,0.3130883574485779,0.2643284499645233,4564774,da6bbb76d562.png,False,False,False,False,False,False,True,True,False,2,True,"mean_b,mean_S"
79.83558202369204,78.14104973630702,74.966509421476,33.147292927455055,36.27422094016825,31.77825475524853,56.93650314849482,71.2345608636153,89.67661458471203,39.502026167692314,35.9220522982172,84.60442728420544,128.81920024722564,130.53066034977257,37.06997829308074,8.181034590964938,7.1186114574473445,9.55876350402832,0.3382231891155243,0.3215288817882538,0.3402479290962219,1624427,dc0eea0b68a7.png,False,False,False,True,False,False,True,True,False,3,True,"mean_B,mean_b,mean_S"
57.74587249489459,39.64032683374868,31.71673113578678,17.87481997427956,10.314195397086936,6.513699306866849,12.476454341048779,108.8134187946963,57.78152485106261,30.321799398277605,17.821136630992267,45.48412962298458,135.2406016093687,136.55352956087475,14.029474476230094,4.102065620089386,4.436799512276812,11.457645416259766,0.4428504407405853,0.3069242537021637,0.2502255141735077,4556445,dcc6c0ad5cad.png,False,False,False,False,False,False,True,True,False,2,True,"mean_b,mean_S"
71.12033111402043,55.50342526268223,49.14470920806386,28.421199245619707,19.385675992944147,13.91532542276772,38.249908968065164,81.25556942708849,72.18097982525839,29.129880712992826,27.202852469636294,63.13860103472635,133.8147068295195,134.5965254192532,23.7480896203506,4.921713702665975,5.927741286143023,9.996116638183594,0.39418336749076843,0.3122689723968506,0.2935471832752228,5036694,de38adaae009.png,False,False,False,False,False,False,True,True,False,2,True,"mean_b,mean_S"
111.98742907404943,83.32029581669471,68.56747245887662,54.19212960480959,34.135068676436994,23.12813665979932,23.652234332112137,89.75222886003023,112.93333247761682,35.86959671022891,53.11210013330361,95.90921343213707,137.6598634952011,140.90600044181994,40.59337824086062,7.48330677109564,9.974674438503113,17.100467681884766,0.41037553548812866,0.31751829385757446,0.2721060812473297,1480241,de57c9e9fa93.png,False,False,False,True,False,False,False,True,False,2,True,"mean_B,mean_S"
62.03110180718563,51.73272978682268,46.73301403912598,31.14767565562839,21.149751188849603,14.999457698276785,44.54805412227375,67.45262355744934,63.512984097354035,30.207064584817907,30.046206301762147,57.19942958979137,131.63290343480796,132.83988139215344,25.90254826672992,4.960173751781216,6.230510214976364,7.621066093444824,0.37453511357307434,0.3189346194267273,0.3065301179885864,5037778,de730033c683.png,False,False,False,False,False,False,True,True,False,2,True,"mean_b,mean_S"
63.97341408490362,46.112958122732124,34.72720775744881,24.693149141909377,14.651901032620499,9.306404135094022,16.30606542447314,108.81283810498712,64.19339742320389,37.074453213339886,24.409900809281154,52.66398671625266,134.35634744314837,138.46263364939688,18.919262133734332,4.92550773518091,5.734090437966058,12.68292236328125,0.43478235602378845,0.3193958103656769,0.2458217442035675,4560159,e26bcae6c67b.png,False,False,False,False,False,False,True,True,False,2,True,"mean_b,mean_S"
67.79426787971583,48.40614327206869,37.95816095041055,26.902064876140454,18.152477210416667,14.532339658685297,13.826808728845858,107.3572333684627,67.82371181546837,28.706993291589644,26.857876103860107,55.75946260192946,135.12437440221387,138.1139674655141,21.684820018382826,5.37249166492595,5.082625809905569,12.765275955200195,0.43630659580230713,0.3141355812549591,0.24955767393112183,4557441,e47770a2e5d1.png,False,False,False,False,False,False,True,True,False,2,True,"mean_b,mean_S"
