image,fractal_dimension,vessel_pixel_count,skeleton_pixel_count,rank
60aa4e649abf.png,1.2495732200822527,101596,10027,1
6107a2e9f60e.png,1.2292325216723545,40801,4357,2
537e5c578f40.png,1.222656338564045,10723,1129,3
1e742358e0b9.png,1.220906828723059,41100,4738,4
5a93c0f783c4.png,1.2127035395867585,10669,1662,5
d1cf31577a59.png,1.2118605696792193,115332,10276,6
e30a890600e1.png,1.2049597230067333,11070,1406,7
70d0392397de.png,1.1963383471948414,112784,9052,8
9095d43fb132.png,1.1950892101726758,116271,10382,9
4276b82e4489.png,1.1939797620387846,37223,3702,10
201f882365d3.png,1.193679677446086,10467,1333,11
dc0eea0b68a7.png,1.1914784722359444,35644,3785,12
4e8585a96739.png,1.1904419033432663,10422,1424,13
837acf120946.png,1.187312747984584,11146,1215,14
d57d1be1bbd1.png,1.1869344746981603,118575,8815,15
8af50c9d0a86.png,1.186777819526857,40239,4078,16
3732de8b416f.png,1.1866650233425515,122707,12738,17
e42d9a94a66d.png,1.186281827998555,131155,12288,18
6ccfdb031184.png,1.1850639815701847,10043,1457,19
7a6495a39d87.png,1.1840600753343704,38597,4222,20
8be6629a6039.png,1.1833784566830214,114043,10489,21
de57c9e9fa93.png,1.1797717568549433,38863,3289,22
bff51afc76d4.png,1.1791895948033118,127726,11466,23
ceb32a193eff.png,1.1777269056268098,42404,4093,24
306c841af3fc.png,1.1755588054263635,112459,9767,25
bf7221a016b5.png,1.1735884666684453,127553,9560,26
a9dc80cba9a4.png,1.1735427341379219,112718,9480,27
838b3e4d0bb4.png,1.1697830493394143,94365,9405,28
bda91b76095b.png,1.1688649037777359,40592,4820,29
50f5201fd18a.png,1.167827213904924,5714,1010,30
a26f50218b84.png,1.1677024566816807,11342,1215,31
283c3aeba594.png,1.166239022324622,39778,3581,32
a07d571bf7ba.png,1.1657679241012713,9931,1304,33
2fefb720869a.png,1.165549967797443,33636,2666,34
4860f7813654.png,1.165065091008656,102149,8995,35
a82a12ad3fb1.png,1.1650636542651227,10483,1133,36
54334705a34d.png,1.1638876485175969,36500,2958,37
971bb98ab935.png,1.163694005209194,6317,1045,38
aec51513cf45.png,1.1629238122353582,5653,1205,39
b21abe5d9722.png,1.160014421412705,5966,1437,40
5a179c123fd8.png,1.159787313551878,11323,1126,41
d332d7b8a26e.png,1.1585763905769677,23907,2969,42
24f271c87e73.png,1.1583110183290302,107468,8495,43
4a05f81b3aba.png,1.1582281855159942,10761,1200,44
3b10191dfd25.png,1.1578664691868412,9465,1068,45
75c180e04f65.png,1.157368600821092,24197,2550,46
72a867980067.png,1.154292730485077,10624,1086,47
d844a7252f4e.png,1.1538431774969704,114399,8110,48
daad7b617f21.png,1.1537403551549383,10951,1087,49
668a319c2d23.png,1.153484895975896,23515,2942,50
1d46f1326394.png,1.1530430320349945,21797,2666,51
8693ab1fd2be.png,1.1530091067958086,10589,1132,52
84b88e8d3bca.png,1.150902817777103,11054,1306,53
240b25a7debe.png,1.1503679949181806,10001,1241,54
682312e82ee3.png,1.148893755686007,129598,9078,55
207dd0487264.png,1.1488936417335436,23268,2695,56
521b5377a727.png,1.1481883185774973,9129,969,57
1c47815f4a6b.png,1.1478068915394208,40289,3731,58
3599029efeb3.png,1.1474106188198256,105827,8086,59
9e2058917304.png,1.1472879798049365,22048,2882,60
949710bead24.png,1.1471762311613811,20836,2217,61
97a235367f9d.png,1.14684138623527,10810,969,62
1df0a4c23c95.png,1.1468205175870676,5534,1144,63
7f43becd3e83.png,1.1466500964536623,11401,1240,64
7d11dbc1e738.png,1.1465175749516154,36711,3104,65
51cd8d2057fa.png,1.1455376828153816,21996,2678,66
3b5dffe159b6.png,1.1449248344428642,23507,2801,67
511fd66b2df8.png,1.1448210433666066,106080,7607,68
9cf7c1349673.png,1.144391111434373,22102,2666,69
2db0cd3e30da.png,1.1441093308448513,110983,8845,70
5cbe88914a72.png,1.144081164747839,22266,2558,71
a3bd2e034614.png,1.1439399799082128,94422,4726,72
a2b97d98f130.png,1.1438933731972014,104636,7291,73
58059e73d2d4.png,1.1435346718825412,5703,1442,74
9c514d2d5b3f.png,1.1422871456823902,21558,2821,75
8ffa608170d3.png,1.1420055437682126,8123,913,76
bfa30ebf63a8.png,1.141747691489304,21072,2148,77
5e97cb2b0888.png,1.1414390994128822,10799,1035,78
359bab5d784b.png,1.1407641829686552,22016,2701,79
a70d0f12a641.png,1.140667605049357,20926,2679,80
ac17cc18a994.png,1.1404952689794579,23361,2446,81
a07d9a5045cb.png,1.1393149316510112,21855,2651,82
237aa50edc34.png,1.139073123349743,123076,10445,83
63c7b0265775.png,1.1388960475563037,38671,4460,84
bdf47b9f10c4.png,1.1380509257942257,22381,2563,85
9039cbfcbb2f.png,1.1377491973238334,8801,924,86
88e4399d207c.png,1.1375591463886627,20929,2133,87
b5a3ca5c0a80.png,1.1374374006651031,22472,2445,88
e4d3d437b0a8.png,1.1372904414292808,22246,2697,89
7aabd768abff.png,1.136606865258811,113098,7605,90
956765d5f46d.png,1.1364683645744758,10234,971,91
7f2123bc89a3.png,1.1362924137410157,6145,1176,92
a9a3225cf4b5.png,1.1361749891195512,21577,2799,93
dd3176bacfe2.png,1.13597930610157,11405,916,94
7a06ea127e02.png,1.134824200864074,20662,2709,95
780f9daaa24b.png,1.1345069545163782,22338,2470,96
9f285b3e57ed.png,1.1344709521347154,22615,2488,97
be521870a0ea.png,1.1343761696689014,11189,1046,98
7131bf4c9e6f.png,1.134321766587363,9867,1212,99
b9fe7da14a32.png,1.1342154702622806,9872,1216,100
974c7d7b9c64.png,1.1340233351649764,23167,2649,101
9e2a8135f471.png,1.133681133207384,23043,2671,102
58af2c054ced.png,1.1335930057845809,22037,2483,103
461fa5292fda.png,1.1334113053042576,23011,2498,104
a1faeb4d5f10.png,1.1333032010662676,20842,2706,105
55f7f018c61c.png,1.132870270033513,87710,4383,106
b11dcdcbc8c8.png,1.1328688836919705,124698,11182,107
b4b04d81acbb.png,1.1328114640379807,21477,2317,108
2cdcc910778d.png,1.1327254449291908,5871,1247,109
3f6bccf21ce8.png,1.1321955106337067,23030,2324,110
a5bb85afc6e8.png,1.1321688260825387,21059,2662,111
916915f01e17.png,1.1319256270485751,21993,2614,112
726dff37edc0.png,1.131724652687499,9624,854,113
84b472c49cfa.png,1.1314791394283885,10464,1058,114
691eeb59b4cb.png,1.1306451302252392,19513,2301,115
76095c338728.png,1.1301102677694683,21254,2406,116
7b87b0015282.png,1.129896145892413,21428,2455,117
50916d67bb51.png,1.1298653340188562,22900,2521,118
a77eb914b383.png,1.1297765654031147,9419,1080,119
9e7a63b2fc6a.png,1.129687958602307,114919,10744,120
7fdb177b8f7d.png,1.1295532530928023,22273,2584,121
9d62478042b6.png,1.1294883996859164,103751,9364,122
3601dac9bed7.png,1.1292049380909939,130947,11911,123
501c319f7a9f.png,1.1291113950798928,24318,2545,124
345b1f0abbba.png,1.1290852761594692,111218,8172,125
1f3f32efaf20.png,1.128927091959361,21273,2065,126
be197b663520.png,1.1288236579006186,21947,2707,127
2dd28ac497d2.png,1.128717150112833,20871,2583,128
aafb0c944f14.png,1.1286991429562818,22075,2518,129
e4ae1ee6aada.png,1.1284687908450923,21515,2272,130
d1ca85af57c9.png,1.128287970165487,21597,2503,131
7831ce1d895e.png,1.1282517220829915,23241,2335,132
a45c30da0c72.png,1.1281676319431566,10918,1005,133
b8e20c076b03.png,1.1281278125356953,124461,10586,134
a1b28bcbce00.png,1.1279988662227713,10343,1090,135
d18f6431ebce.png,1.1277681214725481,22121,2472,136
b70e7c26f51e.png,1.1274764388697154,21212,2511,137
6324d77cf926.png,1.1267287164571382,21338,2351,138
bffca6eeb2bf.png,1.126571595107908,19395,2450,139
7a42443ed106.png,1.1262180310260361,21829,2432,140
4e231670b48c.png,1.1261366704600047,22881,2399,141
97c6cb55866d.png,1.1258957650166774,120091,10227,142
d7ab5c040294.png,1.1258147367407645,6365,1223,143
1da4a17c18c9.png,1.1256872322911589,22013,2625,144
3b0190bbe615.png,1.1255650020329726,22029,2363,145
a1edf0e66592.png,1.1255043365622592,22747,2426,146
50ddd7d976df.png,1.125386424859166,117186,7591,147
737ef6226677.png,1.1245868186512649,22794,2501,148
9f1b14dfa14c.png,1.124132327234615,5031,1155,149
b553e7909535.png,1.1240081877047217,21802,2086,150
529906ff9dfa.png,1.1239639974872304,22472,2465,151
4958bfcc9f38.png,1.123780718229555,22071,2422,152
789c60cba801.png,1.1235917696319473,6357,1024,153
68ddb15a74de.png,1.1230915776973682,19700,2600,154
da3a2275c850.png,1.1230632935025326,22928,2409,155
7a77c3eb468c.png,1.1228591569288568,20594,2448,156
8c29a76fa08c.png,1.1227476523546032,22708,2071,157
4528fbbd43a3.png,1.1225387171206862,19196,2260,158
3c28fd846b43.png,1.1224905791964228,23099,2402,159
44271f3cb18f.png,1.1222103928701335,6424,1288,160
9d75de31f1b8.png,1.122149000414277,22159,2410,161
ab32db41c409.png,1.1220845178608694,104921,7654,162
93d6d20a5ee3.png,1.1220835807601748,22639,2628,163
9985375d709f.png,1.1220443677925644,22572,2529,164
571bbdbf585e.png,1.1214807647589686,23664,2418,165
599498e9e4bc.png,1.1214583886112248,37995,3177,166
80dbeb0fdc75.png,1.121039800536534,22682,2388,167
201f6e10c108.png,1.120649334259284,22868,1996,168
4d3de40ced3a.png,1.12009741410544,22875,2412,169
b7ce561a7328.png,1.11982409345778,20657,2308,170
c57c164bca05.png,1.1196852049646153,113925,10314,171
67ed8cc78b97.png,1.119591006369635,6386,903,172
b7bd4a6627b6.png,1.119431550547035,20647,2615,173
b0619ca93a5f.png,1.119314213756809,21859,2308,174
cd563556cb57.png,1.1190767659188958,10699,860,175
454792eb6e05.png,1.1187933931579737,35335,2978,176
d9c9b9786da3.png,1.1185261688829418,22248,2554,177
389552047476.png,1.1183914005487428,20651,2156,178
8b8fe3fc8950.png,1.1182334599153836,9717,1363,179
a8b3c0961d42.png,1.1180212937438754,10480,994,180
b7983cb3f270.png,1.1174658659973233,22692,2357,181
7ed4128b2a4e.png,1.1174015993412154,21984,2316,182
6bcce181be65.png,1.1168463839158025,124839,10635,183
9232dc06cfdc.png,1.1165924940476855,21889,2321,184
ca05f7e7801b.png,1.116476615088777,21855,2346,185
c94f37085d0f.png,1.116406384332175,21677,2450,186
d6dbb0820ea5.png,1.116014142156193,21650,2508,187
7828dd083cdc.png,1.1157545704344136,22875,2461,188
d6130f2ec903.png,1.1157413108068919,10878,1176,189
5eb8fb1aad41.png,1.1155863972278883,23924,2592,190
7f1f3269f546.png,1.1148183765204087,20639,2047,191
cae33655ca00.png,1.1147767259736387,21314,2255,192
4c6c5a1bf5ab.png,1.114740203382093,9634,1317,193
bebfbd907cac.png,1.114673738449026,23387,2226,194
1e036f2e7095.png,1.1146003556539896,107969,10257,195
4cde86044ad1.png,1.1144134766189189,22274,2241,196
5264a54e1830.png,1.1143200654700196,10869,1116,197
542964865b1e.png,1.1143121396611706,20751,2278,198
cd8da43e3069.png,1.1143043849095364,22729,2287,199
bb2f89488ecd.png,1.1139577606445692,22538,2263,200
98441214557f.png,1.1138118525292349,21557,2543,201
ac0a48ccbf70.png,1.1137711586599301,10155,1016,202
6d6fcf49e515.png,1.1137648296106852,21712,2416,203
6fe67fd7f5d1.png,1.1136698142937587,22530,2652,204
405085b53d7b.png,1.1136504434475092,21112,2308,205
df9cb3729eb1.png,1.1135870442066274,35374,2933,206
5bf6f2958e53.png,1.1132422562239896,20548,2013,207
7fc3a8bb40de.png,1.1127787243466767,21020,2283,208
2c9dfc270f1b.png,1.112637962926092,21499,2243,209
8ed586c43023.png,1.112581795476197,19233,2084,210
dee31065f8fe.png,1.1125323280670125,21545,2249,211
b10fca20c885.png,1.1120823287933,22191,2447,212
b46b09a45f39.png,1.1119474377870846,21859,2225,213
57a710de68a4.png,1.1116865536041638,23355,2337,214
a73d012c4c38.png,1.1115878385177018,21653,2570,215
26fc2358a38d.png,1.1114737740574252,23350,2409,216
875d2ffcbf47.png,1.1112868267710951,24001,2446,217
5b3d41626ec5.png,1.1112355462496226,20608,1937,218
a2811f512c1c.png,1.111108335500294,20215,2078,219
415f2d2bd2a1.png,1.1110838371200444,20964,2339,220
4aa3d771c5e4.png,1.1109852833731448,20867,2342,221
5d5b5da5f939.png,1.11095510137686,20497,2445,222
35cd9832fc0a.png,1.1107776328170664,22952,2387,223
5ce5eeaf757a.png,1.1104982389726525,37457,2824,224
7ce671f952be.png,1.1104594432022707,22287,2401,225
53273d664cd8.png,1.1099753347712542,22309,2414,226
c6f5b5b5be41.png,1.1099747126103265,19942,2258,227
72c31aa48e2c.png,1.1099355107185582,21963,2268,228
bc92a61a1f9c.png,1.1099315368916158,21103,2443,229
8329e80c10ac.png,1.1097414274643183,20920,2342,230
3079490a4b9c.png,1.109682558210875,20765,2312,231
7e77b61e1639.png,1.1096392507737232,21423,2241,232
d774692d9919.png,1.109630418365808,19668,2064,233
a528be013a04.png,1.10952598953694,22404,2320,234
c18a006f7f1d.png,1.1094976878656115,21086,2223,235
c334f8688b77.png,1.109272764593571,21724,2361,236
370f575adb23.png,1.108988865058154,19790,2206,237
2dc647e00ad3.png,1.1089685194165142,111880,7163,238
90bde2ff8953.png,1.1089404019880285,21401,2336,239
496155f71d0a.png,1.1089012454598368,20045,2147,240
d7bc00091cfc.png,1.1088274643946874,21611,2299,241
835b9f6e12ba.png,1.108811658506038,20314,2083,242
c013e869acce.png,1.1085622058394897,38476,3942,243
7f39c36469b5.png,1.1083120450951252,19958,2253,244
d6803e467592.png,1.108280086372378,20648,2227,245
b0f0fa677d5f.png,1.108020239736902,21997,2446,246
80e6e425f966.png,1.1080175736692421,21146,2213,247
799214e8b07c.png,1.107665539781748,22873,2387,248
a673193cd5a9.png,1.1076400990110016,22267,2085,249
675de69373f8.png,1.1076346732927902,5980,1107,250
b66f23ffa730.png,1.107615870537261,20565,2417,251
7a39c91416e2.png,1.1075755458638739,20166,2136,252
d27ac9e54901.png,1.1074479792947358,21822,2309,253
e251bdf05b85.png,1.106969404285987,8932,914,254
1e8c31e29dd3.png,1.1068605016873378,22329,2310,255
44a86263117b.png,1.106560362267374,21907,2274,256
6f460f9968c7.png,1.1064494052439982,19908,2030,257
650104ede84c.png,1.106216409905736,21086,2520,258
35beb47fe159.png,1.1062008761301927,21355,2367,259
959bb2d01091.png,1.1060407178488325,6123,966,260
763ad1236efe.png,1.1059309507957147,21261,2381,261
c56293f53191.png,1.105922647937648,20899,2153,262
c639d837f5e4.png,1.1059209258620617,34728,3088,263
4b237b958555.png,1.1059001034070537,21744,2265,264
883ddb650967.png,1.1058687193076167,21859,2294,265
d6b109c82067.png,1.105808878939424,21916,2363,266
4e54ccfd49b2.png,1.1057685677052078,20771,2243,267
b598bc9753c2.png,1.105687233006084,22059,2188,268
493d99f030e2.png,1.1056758872210044,127990,11085,269
8e76054f0831.png,1.105641639299102,20267,2201,270
91e82fe4e434.png,1.1054974205243584,23053,2220,271
885fa5fc5da8.png,1.1054446764783121,22154,1911,272
9a1029536d78.png,1.105396277875628,23275,2467,273
4faf4063db8c.png,1.1052445118516698,20162,2207,274
71e43b4f8ba6.png,1.1052066651874186,21443,2455,275
1b862fb6f65d.png,1.1050882618809441,21750,2395,276
658ad9f09f5d.png,1.1050246503835957,5585,1039,277
5d6239c0fd39.png,1.1049883822689774,21915,2203,278
b1c6f0997e27.png,1.1047741202551713,22641,2117,279
441848e0f308.png,1.104708279635915,7742,666,280
bd34a0639575.png,1.104637227704982,20150,2148,281
d5ad3362424c.png,1.104629260991366,104916,8435,282
86d58f850a0c.png,1.1043774809317306,11506,1043,283
b5204c0decc7.png,1.1043011333965025,22563,2284,284
4dd14c380696.png,1.1042260975704112,5444,1048,285
8564b7aa3c1a.png,1.1042101359154317,20763,2183,286
2cacdb0dffae.png,1.1041548165995188,22658,2232,287
8185ce1cdcef.png,1.1040251580373117,20562,2320,288
6110ecb3bb1c.png,1.1039578273522126,21372,2380,289
65f5d2a6eb7e.png,1.103899700966196,19707,2172,290
5b1c4cefeb24.png,1.103810329136635,36240,2698,291
4e4a6224a04e.png,1.103627875445357,22952,2241,292
486e852a3b4d.png,1.1036154439837802,9910,863,293
de55ed25e0e8.png,1.1034064109328157,23309,2443,294
478fc46eaa49.png,1.103239782008429,23281,2187,295
bb752b179751.png,1.1031841784677752,21869,2231,296
393fa5a023a5.png,1.1030792092839505,21639,2433,297
1fb455685328.png,1.1029896430537889,21312,2330,298
5321ab64f9ea.png,1.1027482886615831,22168,2170,299
4403538fb50f.png,1.1027234223217506,23088,2579,300
d881c04f01fe.png,1.1026916297841067,21802,2083,301
82088c6734e6.png,1.1023754730493514,21013,2201,302
8448af27ba07.png,1.102338046308261,21050,2304,303
d99b0f7dd9b9.png,1.1022275443377945,19869,2190,304
1caba2fb38f6.png,1.1021856218234982,20723,1947,305
93a1b984de84.png,1.10209419224647,21867,2407,306
be8697eb2078.png,1.1019205219076604,22556,2348,307
6d6be4cfc73f.png,1.1018099841316704,20173,2307,308
83038ca49b6d.png,1.1017774484918132,20563,2061,309
6180920bc224.png,1.1017319215582784,21886,2204,310
969f92a390db.png,1.1014460324627162,22955,2134,311
58c12863f33d.png,1.1013007589342636,20020,2119,312
9519a590985d.png,1.1012832049586476,22009,1809,313
454a944eb557.png,1.1012665176368652,6120,1166,314
b0acd3593310.png,1.1012636262466298,105072,9917,315
9ac2e3e9fca5.png,1.1012024400730993,20704,1856,316
51aa3361294c.png,1.1011427162008502,9874,887,317
37c523296d42.png,1.101117117496731,22640,2290,318
215d2b7c3fde.png,1.1008001811784776,9847,779,319
958c1fa044ba.png,1.1006741409144227,22065,2124,320
3fd45879afe6.png,1.100656670777679,20839,2160,321
721214151233.png,1.100596351698266,20851,1946,322
881ec6186e68.png,1.1005866060654828,19989,2243,323
2ef4a04aed1b.png,1.100551613343285,21804,2034,324
2b3a4a81d748.png,1.1005109285633607,20567,2205,325
606daaf0bfc7.png,1.1002351317010262,10596,1217,326
82d364726a58.png,1.0999061801313776,115289,9123,327
2a93334f663a.png,1.0998402046197229,21609,2278,328
c4aef0d88d1b.png,1.0997686535378628,21109,2141,329
5ea9e447bb62.png,1.0997416218478493,21835,2152,330
9bd008aab548.png,1.0997210746443882,21239,2336,331
aeccef0bdc26.png,1.0996207927189838,21719,2225,332
b3f31c371e59.png,1.0996115634620365,22997,2289,333
b6bf847fbcb2.png,1.0993037746728653,21202,1857,334
a247961a5cd9.png,1.0992864765623473,21411,2309,335
afc744fad65e.png,1.0992780786636842,21154,1889,336
6e0f78e188ff.png,1.0991836285495888,109115,8956,337
58a9e0d7f7af.png,1.099160993721367,20801,2124,338
5c85d22bd0de.png,1.0991042614908615,21214,2154,339
52ddde91a349.png,1.0989552296794993,21591,2393,340
5a0fe0ee4301.png,1.098772615312054,21036,2283,341
32ed318235b8.png,1.0985923991113948,22314,2043,342
7d94a000c2d0.png,1.098377771155019,19287,2241,343
a821b6ecef33.png,1.098355680120979,6289,968,344
28dc010a0780.png,1.0982024249457107,20802,2364,345
3af9aaa880e9.png,1.098094944267645,21902,2140,346
4926dea289f8.png,1.0980422320475856,23164,2197,347
8d4d14a4ab07.png,1.0978683095271269,20850,2217,348
d807c53c1399.png,1.0977868668529693,21294,2294,349
4cddfc22b0ad.png,1.0977752422560272,10459,873,350
c6a8f8f998a2.png,1.097426569731283,19456,1977,351
966c07831334.png,1.0972892371566751,21108,2219,352
74211a2b6dcf.png,1.0971997193914893,101855,8581,353
6c00dd8bf708.png,1.0971442749945761,20356,2242,354
cd1c98ec48b1.png,1.0971441063375555,20396,2361,355
7f2cce721e19.png,1.0970111569380518,20852,1908,356
3254e48c8aa0.png,1.0970074866190165,22249,2159,357
6bf26b777e3a.png,1.0969461785445387,109123,10379,358
3bf3085ac167.png,1.0968291886037151,21965,2098,359
84b4da14bc23.png,1.0966814163244667,20660,2074,360
9a56cfb980ec.png,1.0964351873678475,34571,2520,361
930fee99213a.png,1.096429213765716,20022,1959,362
d30d079e6f9a.png,1.0964177720183523,20089,1877,363
35df2bc6ae95.png,1.0963939748792997,20645,2167,364
ba0107fb1bfd.png,1.0962613002810107,23392,2317,365
6155cf375354.png,1.0961635972115005,22009,2181,366
8dafa62f9322.png,1.096107930817887,22519,2421,367
a08a0133754a.png,1.096100659314541,18076,1799,368
29a13e666266.png,1.0960880215222961,20598,2139,369
d2fb715b0c41.png,1.0960692284846432,20536,2212,370
8b568d47a1fd.png,1.0959987773814894,21109,2182,371
bac1744955c2.png,1.0959027094161464,22019,2068,372
dfc7ec7db0e0.png,1.095855660681185,21653,2246,373
9bbb6c455913.png,1.0958294497961076,21548,1934,374
a7c10ca6c117.png,1.0958226912070312,21122,1901,375
3730c322d35b.png,1.0957856999368412,21305,1671,376
4ab8c0cece7f.png,1.0955264474117288,21587,2079,377
7adfb8fc0621.png,1.0954798814641713,21787,1852,378
80b5697f2a5e.png,1.0954719361608622,21300,2163,379
a30a143a53a3.png,1.0953911018200682,21485,2235,380
e4c799738a19.png,1.0952732463302117,20281,1794,381
35362d43e753.png,1.0952289386314993,22122,2077,382
ba4e62c11cc0.png,1.0951952626215111,19946,2174,383
39f8935185e6.png,1.0951280919828252,21107,2207,384
d69698f838db.png,1.0950467988261114,21459,2136,385
27933cdbe0cc.png,1.0949340100656975,21367,2108,386
e3b47ed5b511.png,1.0949261018013359,22122,2068,387
c9c563864ab1.png,1.0947791747002984,35016,3029,388
3908b3cfd620.png,1.0947432067643932,21675,2166,389
5078caaf1f57.png,1.0947283437177735,9885,1378,390
3ca12e02dd4e.png,1.0945966538472403,22885,2164,391
33b91def2035.png,1.0945568310550875,6023,979,392
912fbe06407e.png,1.094363901741933,21858,2316,393
ad20080452de.png,1.0943358932251803,22312,2199,394
c6d4e4a3bd4c.png,1.0943305756407067,23417,2012,395
81914ceb4e74.png,1.0941496290547854,21090,2181,396
b086c7cd3868.png,1.0940601279283884,23100,2235,397
9be71d6d7e59.png,1.0940088479771075,22136,2239,398
5f51192841f7.png,1.0939938981088146,20854,2044,399
1b398c0494d1.png,1.0938828902703788,20212,2142,400
d74ccc796517.png,1.093823663404323,21024,2169,401
9f8112c710be.png,1.0937937476769939,22692,2022,402
52edbe29d655.png,1.0937650478349144,20314,2053,403
274f4de2a59d.png,1.0937274142161943,20140,2216,404
5728b8aa98ef.png,1.0936497723947887,20166,2162,405
dd285d9e97fe.png,1.0935180826086537,20685,2095,406
934104859e68.png,1.09350722552478,21334,2164,407
b9bc81fcb075.png,1.093454247833267,22244,2220,408
2408799a09b2.png,1.092992059574987,21736,2207,409
6e1db8711879.png,1.0929858462163227,34454,3704,410
e2c39ed0c941.png,1.0928423672957366,20637,2143,411
3cd9713c0ecb.png,1.0926711523848074,21078,2231,412
e067b06fd655.png,1.0926419513023324,20185,1999,413
6f0e5848d9ce.png,1.0925700445942568,22746,2058,414
b8e9a8f4617d.png,1.0924596080480544,21413,1958,415
5db2e3a4594a.png,1.0924109046781691,21597,2170,416
b22cc1bf0b8a.png,1.0924047292776569,18669,2180,417
3178559fbf57.png,1.0923215948284697,19884,1677,418
d99dd99be001.png,1.0922514757822355,21508,2119,419
b759cbef90c5.png,1.0920099081291552,22268,1995,420
495106ae3b68.png,1.0918588925809354,22545,2186,421
9d1feed37610.png,1.091730307159398,20062,1991,422
aafe980edd0c.png,1.0916177342730522,19751,2151,423
75238d945315.png,1.0915182913304637,21592,2149,424
2927665214e1.png,1.0914554440612363,21206,2317,425
3694e8c8e09a.png,1.0913288542445247,110816,10041,426
6bb30ec3231a.png,1.0911297580829455,21331,2210,427
789f0ec1eab8.png,1.0909277388060918,22035,2083,428
64b9206afb3f.png,1.090759804367492,21494,2104,429
a76132e79688.png,1.0907187254869815,21522,2156,430
6c9c902a97de.png,1.0906352155023615,20883,2095,431
cc671a73e1cb.png,1.0905274351451182,19815,1991,432
d02b79fc3200.png,1.0904752602977583,21211,2268,433
4d167ca69ea8.png,1.0902459935870017,19465,2083,434
7ee6de71c140.png,1.0901172364074059,21912,1834,435
b8297a2291f5.png,1.0900092939394095,20837,2000,436
35ac70c0d08f.png,1.0899678840007492,21294,2110,437
bd500a73beae.png,1.0898632806350348,21271,2078,438
ba2ea9182090.png,1.0897388794195864,20554,1878,439
addf66a50f42.png,1.0897383486941228,20741,2174,440
6d10709053ae.png,1.0895418297302815,21901,1668,441
3c42512c81e0.png,1.0894017517393104,20906,2038,442
3c9529918097.png,1.0892950323017538,20975,2047,443
aa94cc4bfd84.png,1.0891213084587696,22255,2148,444
565f3404f9b2.png,1.0890490234572974,20478,2134,445
c64c0966b4cf.png,1.0890319027221496,22333,2121,446
6c3589d7ed8d.png,1.0887840159808013,21931,2245,447
82e5bc01f8a4.png,1.0886717749904113,21488,2182,448
b200c23b299b.png,1.0886412030077726,19973,2042,449
8d13c46e7d75.png,1.088634502191147,21324,2150,450
66bfec8d6bcd.png,1.088406166925832,22731,2264,451
bacfa2b8e706.png,1.0880446567295974,20807,2116,452
401fdfd0db07.png,1.0879696728287915,19650,2096,453
c06024f05a16.png,1.0878733996217824,20282,2022,454
cb28adab4e8a.png,1.087852425358206,6495,880,455
8aa3c4681542.png,1.0878266157069028,21329,2138,456
3a4cfea0a766.png,1.0875891113551015,20206,1874,457
a44345b27804.png,1.0873012938577575,20586,2358,458
d97911a32918.png,1.0872312770948034,21756,1963,459
cd941e5bc659.png,1.0871252975505135,20248,2022,460
596f4fdb0004.png,1.0868372780876985,20730,2166,461
266fbefa58fb.png,1.0866467148971637,20378,2118,462
a88365134c3c.png,1.0866415384494041,21101,2202,463
5b32ece9c627.png,1.0865755040258982,21757,1989,464
8241e43408a8.png,1.086523899720368,20161,2092,465
315c1a0d87fd.png,1.086497566465494,19858,2067,466
a963ac561580.png,1.0863820054559377,22217,2019,467
e04f3c6619a3.png,1.0862819785597924,20031,1783,468
504a69096fcb.png,1.0862758902909915,20408,2181,469
6504b703c429.png,1.0862271056002362,20549,2027,470
2821998fc002.png,1.0862268557104413,20860,2018,471
a0b7ad98df57.png,1.0861022573517312,20097,1910,472
92fcf50b3562.png,1.086095749247449,34488,2629,473
af345c68e836.png,1.0859787862559973,21467,1856,474
c98f623d08d1.png,1.0859584070699484,21276,2044,475
b0b3b16fc305.png,1.0856725390846234,21959,2225,476
a2b995b81692.png,1.085665249221066,21789,2240,477
73d40ce06a67.png,1.0854139383074863,21213,1945,478
a484bdf85b4c.png,1.0853123400536848,20311,2122,479
63b71347e95d.png,1.0852774041411666,19783,1634,480
941d874c8afb.png,1.0852474620825274,21521,2124,481
b86fb2d5be1a.png,1.0851968410202344,122491,10667,482
c9e697117f3f.png,1.085134786343141,21621,1886,483
96b5474ae604.png,1.0850846244893309,18899,1556,484
3abac0961bfd.png,1.0850226540586145,21265,1958,485
cf8f1bc7a215.png,1.0849756370162178,5819,751,486
ad93d88c87ea.png,1.084765525322405,20977,2077,487
252305189b3a.png,1.0845716219156196,22519,1946,488
bc34f52c37c7.png,1.0844784111332073,36554,2810,489
6a905a7202d2.png,1.0842340152912917,19631,2030,490
cb2201c226d6.png,1.0842215531344672,18831,2479,491
75369248dba0.png,1.0839376683506854,20449,2013,492
54bdcdecd8f3.png,1.083926508405074,36504,2433,493
98e44127872f.png,1.0837747520881933,19617,2026,494
784d6d302f98.png,1.0836169526253345,20452,2230,495
d39752cb6e57.png,1.0835515534678437,20877,2099,496
1d2472849dce.png,1.08345008798867,22736,1915,497
5814cbd2e9bf.png,1.0833884483118807,20643,1945,498
7a9f45fdf29b.png,1.0833567703361988,21293,2073,499
39fd8ef3a45c.png,1.083005865448448,20391,2026,500
870fbe6eaa68.png,1.0828715210993187,21642,1912,501
de6210f88536.png,1.0826110456792115,21307,1949,502
6966abf40b8c.png,1.0825878343981818,19401,2011,503
e06cccc08c59.png,1.0824884745172563,21945,2136,504
c62cef02efa2.png,1.0824476382124943,22714,2100,505
475300735b7f.png,1.0821639558849825,20693,1997,506
3232b34cbe99.png,1.0821086387126,20105,1934,507
b7a1bb106051.png,1.0820104631237892,21460,2085,508
aa8a1e814811.png,1.0817717373873572,19137,2016,509
c24bcf7a1bc4.png,1.0816569233080682,21987,1907,510
d16e59a2b33a.png,1.0816473670678413,21840,2078,511
4beeca5cc859.png,1.0815619694561174,22220,2037,512
b835b6e31a59.png,1.081557612286017,21253,2145,513
e246cd89e1cc.png,1.0811878818832985,21975,2015,514
639915f58a2f.png,1.0809942034837081,21339,2108,515
bf811911acf9.png,1.0807069258356954,18783,2072,516
87a9f4d20f07.png,1.0804639051424503,23038,2051,517
c58e5c0c5b33.png,1.0804309951117124,22105,1983,518
cb68fce07789.png,1.0802680360929737,20594,1983,519
26cd40b57ad1.png,1.080161999180875,21637,2198,520
9fa02dfb5553.png,1.0798688522697122,20159,1997,521
555d0bef3c5b.png,1.0798503152973147,21737,1860,522
dec5595e6154.png,1.079783298197947,20390,1984,523
8a8a251770cd.png,1.079758691603867,21396,2001,524
8a81f62320d6.png,1.0796862776270393,21205,1823,525
8a482c024fc2.png,1.0796784435848448,19775,1970,526
462937ece243.png,1.0793409131281864,18333,1894,527
99240ee00485.png,1.079237853098038,21565,2015,528
9de9421f17e3.png,1.0791236028772302,21352,1848,529
6fe4751a3b42.png,1.0787792664142763,20563,2052,530
96ce10a1dbd7.png,1.0784807657527091,21776,1937,531
a627eb8c08c5.png,1.0784733915305373,5930,1074,532
b460ca9fa26f.png,1.0783341279160397,21716,1931,533
e29e54ff921e.png,1.078255270166282,21897,1915,534
705f508d1e42.png,1.0780201395072613,20643,2050,535
445a8a6da55c.png,1.077773500293988,21263,1994,536
d51e5d7484ea.png,1.0776568735872536,20913,2056,537
80c67efc8101.png,1.0776252696258026,21832,2162,538
e135d7ba9a0e.png,1.0775791698092563,21121,1876,539
7c2e852171c0.png,1.0774059776572729,21574,1848,540
d1a60c3b9fe5.png,1.0773684951865428,19438,2021,541
2c827005b8f8.png,1.077314427764677,20299,1944,542
c5bec7f1e5f3.png,1.0771102171149838,19909,2010,543
973b0facfa9b.png,1.0770642187130262,20433,2211,544
540e4973829e.png,1.0766791742901287,5550,941,545
dd02d60bef14.png,1.0766356842887284,34354,2507,546
a2163f0c2af5.png,1.0765875510903569,19878,1665,547
46acc506fa61.png,1.0762925094841542,21130,2047,548
4927945ecfed.png,1.076278682911956,19596,1705,549
d1afdb8cf70d.png,1.075983341929122,21584,1939,550
8f9819752ca0.png,1.0758436137363758,20738,2091,551
996f9bba4ef0.png,1.075494707771669,23055,1999,552
83a63c4a3e4a.png,1.0754754049921538,18678,1796,553
242fc19be06f.png,1.075325305577654,22551,2038,554
90960ddf4d14.png,1.075240219725606,30620,2577,555
92e3d608fd3c.png,1.0752329614801641,22213,1886,556
abe940882578.png,1.075142415587974,21461,1917,557
cc964bf04dbc.png,1.0751116569881385,22093,2129,558
4eaf2f81819d.png,1.075038237039392,21916,1980,559
d7bc62d60e8c.png,1.0749532344845325,127538,9744,560
3b2b91590590.png,1.0747953312569427,17996,2130,561
ae61e19fb766.png,1.0747773685438131,37339,2501,562
b294927b14b0.png,1.0747305761258454,21726,1751,563
946545473380.png,1.074639863884441,20258,1872,564
874f8c1929f6.png,1.0744299075214023,21429,2091,565
73ba798fee25.png,1.0743284109750193,20515,2008,566
c365c598ad4e.png,1.0743001371412375,22497,1988,567
d838d5b9f571.png,1.0740410486234329,22236,1738,568
cfb17a7cc8d4.png,1.0740142374892605,21821,2045,569
a384e688e228.png,1.0740080367726548,22480,2018,570
8bf05909e1e1.png,1.0738910549622847,21511,1882,571
415d5c5e785f.png,1.073850962236355,21608,1627,572
7ec0e61a7e29.png,1.0737565107446199,21643,1877,573
bf7b4eae7ad0.png,1.0737479008578512,20963,1756,574
c7d0deb71576.png,1.0737418643625936,20777,1699,575
e1b8acb1cea1.png,1.0736028034435456,21073,1932,576
922586d86cd8.png,1.0735312842469422,19384,2026,577
62b4be2799ca.png,1.073493631352641,21258,1887,578
4c60f6fcea75.png,1.0734728532612,8781,646,579
ae49cc60f251.png,1.073196682039666,21342,1966,580
847b04287c9c.png,1.0731304094373075,22485,2132,581
e0d229db881a.png,1.073109804755814,21171,1922,582
937bc1b924b1.png,1.0730761944771021,22146,1931,583
c6916bc42016.png,1.073056519551601,20543,1817,584
2da82d14e1b7.png,1.0729123327577845,20992,1971,585
45369821d6a3.png,1.0728851343324313,19983,1942,586
83517eaeccb9.png,1.0728079957614205,20177,1799,587
8010c931321f.png,1.0726851091704546,22408,2122,588
2cfe8703f265.png,1.0725925974782038,109652,8242,589
a1e236fbc863.png,1.0725500250889877,10181,900,590
81704925f759.png,1.072535460606713,33588,2739,591
ca2b54b95ade.png,1.0723115847157336,20204,1915,592
6f689fced922.png,1.0722687693474107,21577,1995,593
63c0eafd6aa9.png,1.0722377680784025,22444,1938,594
224c14366e11.png,1.0720599389993508,21582,1902,595
d2cd47ed2c1d.png,1.0719146928623247,4852,977,596
d2dc86021c67.png,1.071878038594122,21890,1846,597
c446985355f1.png,1.071871714054908,21891,1812,598
a53d6d2472a6.png,1.0718332831061934,20343,2102,599
aa4407aab872.png,1.0717558152628628,22780,2014,600
df6d13d04da1.png,1.0715685854765553,20149,1866,601
24de56d433cd.png,1.0714178951207558,21602,2087,602
896ad584a841.png,1.0713411006970583,20042,1700,603
942f544c4e15.png,1.071325724664845,19804,1597,604
a7b03e58a6e1.png,1.071195648008166,21602,1970,605
1c13a1483f4a.png,1.071013776236162,18924,1927,606
5bea250d8bf5.png,1.0709628246493579,20351,1850,607
8d9516ea3587.png,1.0709377072175748,19210,1865,608
25a0a1e41afd.png,1.0707479995676148,20964,1745,609
c81c6911f5e0.png,1.0707411064356123,22344,1887,610
ae2c3f6312ef.png,1.070734957222811,19789,1772,611
d5c63a8d9e94.png,1.0706878615477338,21462,1903,612
5f4a8c074bd5.png,1.0704267272603838,21166,2011,613
1db6bb46c102.png,1.0703820141072788,21130,1965,614
93421787f520.png,1.0702607473191195,20146,1916,615
a86128b601a7.png,1.0702126288236558,21548,1946,616
7347bd23ba80.png,1.0701878464431238,19937,1879,617
28503940d10b.png,1.0700560298036168,22225,1727,618
1d0b93317aa8.png,1.0699889825927527,31647,2546,619
2a4520f1f9a3.png,1.0699841974974074,21963,1987,620
ce6f33a81ad5.png,1.0699171208733613,19411,1835,621
76e5b50f95a7.png,1.0698718246743475,20672,1921,622
9688c6ef5dc5.png,1.069404048936474,22333,1846,623
87295c5fa1cc.png,1.0693185517906676,19368,1912,624
b9c7c5182075.png,1.068765286334848,20932,2048,625
a0fd94e2ad76.png,1.0685614658440332,20617,1960,626
b549af91bd30.png,1.0683990115821174,21350,1874,627
d6f6bdfd8011.png,1.068229689676957,21156,1808,628
4bcee3cbe232.png,1.06819582189327,20019,1893,629
a9bc2f892cb3.png,1.0681021180398431,10379,1128,630
6d4f6c9a8406.png,1.067949535170286,19315,2007,631
94f9ecf4b8d2.png,1.0678927345285045,9903,891,632
6653ad026901.png,1.067863994197572,20669,1743,633
b8dab47a260e.png,1.0678511750126902,20958,2057,634
b5e6ae31493c.png,1.067811255809549,19824,1982,635
b09101adb478.png,1.0674312790479246,21004,1874,636
878e356c8fc9.png,1.0671641783467283,18652,1929,637
b2b79b37d314.png,1.0670041535388122,21428,1527,638
51af8a689511.png,1.0669041070870606,20919,1812,639
ac1667fac512.png,1.0668708007568382,19976,1921,640
57db4781e7ec.png,1.0667259757768937,22036,1848,641
28f73575e1f2.png,1.0666750274752708,5537,742,642
d911dd40c63b.png,1.0666656945639155,21079,1749,643
5de4615a5161.png,1.0666153615358704,22580,1910,644
94076a9fb9b5.png,1.0663846268100914,19222,2080,645
4a5a6efc0bef.png,1.0661828188806586,23411,1857,646
5293576816aa.png,1.066143393291413,22069,2033,647
4350a1b2f3cb.png,1.0660453436475328,18842,1690,648
328d141ed3aa.png,1.0660152627256856,20647,1832,649
6c30dd481717.png,1.0658536301249217,5484,1009,650
69b3a00927fc.png,1.0657042326903012,18493,1931,651
da9262d9f5d9.png,1.0656332417539205,21475,1821,652
9ce46d400cd6.png,1.065610882724452,21420,1838,653
3f6c627e2ff2.png,1.0655556009650446,20524,1789,654
6b66b0e86f7e.png,1.0653486195595365,19170,1825,655
6e44f6d04fc9.png,1.0653264609291457,18893,2067,656
ae20112e7a1e.png,1.0652531739433753,8429,807,657
aabd867043cf.png,1.0652437171366482,20061,1711,658
54038e56131d.png,1.0650410518235724,21337,1757,659
c597ef460944.png,1.0649965106816417,117742,8036,660
ae57c8630249.png,1.0648413576800757,21004,2001,661
7c6594b50690.png,1.0648225801714464,21294,1864,662
8e2a3978c244.png,1.0647063300935433,21727,1813,663
8a3eb86ae4bd.png,1.0646051458427452,35479,2712,664
5f6db235c04d.png,1.0644508567961626,21286,1898,665
a61723fc38c2.png,1.0643760002648368,21481,1875,666
1d3e9b939732.png,1.0642368460710772,22221,1846,667
5ca779ace6e7.png,1.0641108554234082,21414,1753,668
dcf109df1a2b.png,1.0640175402667638,33883,2921,669
9ac41b9a809e.png,1.0638303848026274,22570,1988,670
44a4d04162cc.png,1.0637555111300436,21038,1968,671
cfed7c1172ec.png,1.0636351097397905,23135,1977,672
94b9ccc73bb9.png,1.0636152625456543,5608,1152,673
51a078d6d43a.png,1.0633803461680031,21386,1594,674
8ceff4c4c860.png,1.0629756229325928,22508,1847,675
2b2f5a0f880d.png,1.0627081830716563,35781,3191,676
d2d523e9f669.png,1.0626541351172487,36443,2949,677
d436c06f0490.png,1.0626493126962706,18385,1789,678
1df1530b9b8d.png,1.0626003731438842,19496,1920,679
ae58ccb5905e.png,1.0625127779089987,22597,1920,680
3f98be586fe3.png,1.0623727903619622,21994,2029,681
d1b279cc02ae.png,1.0622609084409578,20751,1866,682
ad312ca98202.png,1.0622209685542063,19695,1848,683
5299a532f0e0.png,1.0620918045158008,20311,1770,684
da9fe02dead3.png,1.0620846922772105,22395,1764,685
aa10a4b2e709.png,1.0620150618752022,21326,1712,686
5ac7a414560e.png,1.0617534744630053,21750,1764,687
1ca91751be4d.png,1.0617305365424885,18810,1782,688
8ead8f37423c.png,1.061571721584294,18865,1638,689
8bf2d925dc0c.png,1.0614338805591073,19911,1847,690
a8dea22ef903.png,1.0614148835902042,21088,1959,691
4210809074c1.png,1.0612235870961655,19349,1974,692
906d02fb822d.png,1.0611676942565367,71979,4392,693
a4012932e18d.png,1.0611676942565367,71979,4392,694
bf6cbccacf39.png,1.061150273960021,4705,996,695
263d8851e33b.png,1.0605550786942517,31527,2878,696
75ed83dbccce.png,1.0604721207501848,20793,1917,697
6dc0281f11e3.png,1.0602483881421683,22642,1962,698
3cab32dd6ef9.png,1.060114816496993,21315,2026,699
28751f290ba3.png,1.0600210080939851,21522,1900,700
e1dc02a3dc2a.png,1.0596789376214863,21265,1790,701
870f433e8f37.png,1.0596395798811202,19345,1782,702
5e505e25cd3e.png,1.0593318173683017,35319,3032,703
357f02a779d7.png,1.0593107537281603,19818,1723,704
891329021e12.png,1.0591441277536389,22626,1821,705
5ba156a35ff2.png,1.0590093374483747,21634,1522,706
6e018411ba4a.png,1.0589843635587224,104038,9890,707
c755a0c4edcc.png,1.05880129364887,39885,3284,708
e4a44f9158dc.png,1.0587887239028282,20839,1622,709
66393d8c60ba.png,1.0584250287779373,20412,1852,710
7526c59c36d3.png,1.0582615965523288,19620,2009,711
4bd5d0b30198.png,1.0581372549432435,20726,1682,712
1c9c583c10bf.png,1.0580426733128252,71851,4475,713
3323fd59782e.png,1.0579528930187185,18853,1811,714
1d37f1c8b6d8.png,1.0579481513190754,21634,1981,715
a188c60b93fb.png,1.0579417971759117,123173,11310,716
4c17e85686f0.png,1.0579114560641225,20495,1871,717
78937523f7a8.png,1.05787381610351,5121,913,718
7eeb191ad06b.png,1.0578733283527153,21324,1971,719
a7673ac44509.png,1.0578175113116475,107033,7598,720
1dfe599d12a9.png,1.0574284820263289,6132,646,721
4e1e252317b5.png,1.0569955341048525,19666,1660,722
cadde4030858.png,1.056851237802074,20093,1690,723
1df0431bfa73.png,1.0568181866359736,32361,2645,724
6e092caa065f.png,1.0567610018793585,21598,1781,725
ae975c43bd8b.png,1.0560935636786075,21580,1812,726
b77b88926843.png,1.0559056918876881,21129,1677,727
3132556f5352.png,1.0557801070019859,20373,1933,728
7d0a871c45db.png,1.0557361625945763,19325,1909,729
5077cdb88aed.png,1.0555899472593069,21412,1781,730
bc8c6a778cde.png,1.055492611080547,5747,928,731
53c874dbc594.png,1.0554399133351837,27177,1795,732
b2b7ccd34cbd.png,1.0552079062863504,21921,1709,733
a96ff96bbae5.png,1.054907270264313,21446,1852,734
d2c5fb82fe5f.png,1.0548092812658785,36189,3273,735
1ca35d483772.png,1.0547655448083268,19024,1882,736
32d7d360d891.png,1.0545872531760816,21308,1844,737
66366a90d1ef.png,1.054394201978541,118473,8431,738
4554062fa836.png,1.0543284074035402,125697,11224,739
d8da9de62743.png,1.0543168885582852,20506,1683,740
65f69234c8a7.png,1.0541899647335449,21414,1865,741
a4ee03ecff60.png,1.0538971021739836,16687,1405,742
8d4ff745a409.png,1.0536030123267957,20824,1784,743
86410aa13b3e.png,1.0534098134543957,21415,1869,744
a646c084928c.png,1.053407035673459,21516,1699,745
35777eb7859d.png,1.0533884156437947,113250,8091,746
8660e1864665.png,1.053369726704895,18721,1890,747
77b7b71ebcc3.png,1.0533155785160757,21450,1715,748
2b4c7b5f1f1e.png,1.0531223873578819,17534,1632,749
2974c6ad1d58.png,1.053097331156027,22279,1814,750
65a7fe9482fe.png,1.0530316052104927,21077,1806,751
a987aa7aac37.png,1.0530207878307272,22026,2036,752
883c6a184f16.png,1.0529051327045023,20248,1828,753
b351ae99413a.png,1.0528846896315611,20538,1720,754
7435e9a3e36e.png,1.0527568241480152,122729,10478,755
6852f4531591.png,1.05270816282649,20895,1900,756
2d04cead4d3a.png,1.0527031252398327,36529,2720,757
75a071608ea6.png,1.0526924676449252,21410,1768,758
9b70f84400af.png,1.0526474686526304,10586,1074,759
3bf2deaa5ef0.png,1.0522420990578816,20024,1868,760
73a07e2ea23e.png,1.0522397446806109,5674,1302,761
a654b25124c3.png,1.0521236963983112,21563,1874,762
59bd19c1c5bb.png,1.0521171334603427,22397,1848,763
8acdf12f412a.png,1.0518917991772896,20186,1709,764
4464bb62bf20.png,1.051794000221063,107574,8411,765
d9d2631f043c.png,1.0517139876178716,100410,8093,766
65cf00be6fb4.png,1.0516050853154604,6194,741,767
55968f0e63c4.png,1.0513991473602342,21924,1628,768
cbc23af521f3.png,1.050514086180383,30539,2130,769
7e980424868e.png,1.050389991887627,21502,1844,770
8e67f2d7e0ee.png,1.050286855132058,21149,1893,771
ab653b8554c0.png,1.050053568926259,18644,1659,772
780be525036d.png,1.0500424698693667,22025,1846,773
b72a86d61959.png,1.0494314841014751,20151,1741,774
8f14bca04b47.png,1.0493772534117896,30324,2097,775
3b9817a39adf.png,1.0493386524052797,18964,1783,776
a1822dd8d05d.png,1.049221361067095,18021,1579,777
dce73d90c00c.png,1.0489218810622596,21042,1807,778
acf976efd7ce.png,1.048555042649469,21085,1847,779
41960d5f58c2.png,1.048516102690009,110965,8488,780
c25e02b39c01.png,1.0482339104339584,21019,1752,781
ab78a66dee6a.png,1.0482258100332194,20695,1734,782
93802d1e3c41.png,1.0481272677150018,20290,1529,783
9b57e43b44e7.png,1.0480279236366028,111454,10569,784
ab3c505b624f.png,1.0478112816201663,5567,745,785
549381330191.png,1.0475015709500957,20034,1532,786
d667af5742f6.png,1.0474897871150386,20843,1936,787
e4b0df29b96f.png,1.0473917219054052,21137,1696,788
90a786abe58e.png,1.0473412227548526,20167,1689,789
ad029ba7fa8b.png,1.0472375385834845,6315,1128,790
4318b6adeb97.png,1.0470038850389503,31433,2487,791
c096131ad065.png,1.046992856293183,20295,1629,792
9f935fb38440.png,1.046930662560973,4847,865,793
8344c783da65.png,1.0465455585842192,19553,1661,794
a0adbe677508.png,1.0462342286926494,18875,1860,795
77acc2cafee1.png,1.0461834717824516,21629,1773,796
1ca62b3e4fd3.png,1.0461133617439566,118728,9664,797
a34fc5376669.png,1.0459771150850894,19299,1682,798
3580a545016d.png,1.0458991674694547,21469,1690,799
22449af52060.png,1.0458680172002512,21924,1795,800
5995321563b7.png,1.0452557313330229,19714,1720,801
8f10e41a2f02.png,1.045243705475677,19876,1661,802
45693d027798.png,1.0451836997863004,20036,1928,803
29d059522fa1.png,1.0448823053037581,20922,1977,804
c2f3281cf528.png,1.0447321355966774,22580,1673,805
348598d01e18.png,1.0447248917255196,20470,1768,806
77ab222bf85c.png,1.0446919144538858,5291,940,807
a6731dd737af.png,1.0445919613059702,21664,1622,808
44878f34e31f.png,1.0440869917084057,18511,1821,809
5889a0c75cac.png,1.0440503290655943,21496,1714,810
d866c26d76f0.png,1.0439510492580022,30584,1775,811
7bc00e58d419.png,1.0438668000009075,18610,1505,812
bc7bf19b84e3.png,1.0438496113728137,19985,1769,813
c3789c1dab96.png,1.0437744531060988,5767,766,814
4f5dd7660b17.png,1.0436320653544786,68455,4656,815
ab88081e5654.png,1.0435031547745586,34741,2889,816
ce754234d760.png,1.0433629815682262,23296,1473,817
1c7a013eeba7.png,1.043270087723826,20573,1817,818
cfdbaef73a8b.png,1.0431325769726225,9723,813,819
d7ac4a0c9760.png,1.0431298506186837,21108,1733,820
bf87aedf2489.png,1.043104964887254,19927,1736,821
53327edb9e4d.png,1.0429592193779926,19311,1864,822
b92eacd1392a.png,1.0426259618506144,19696,1673,823
b35cad8fe2d7.png,1.042091743144695,113671,8917,824
369229040a34.png,1.0419592826358313,21773,1606,825
87b671c6d4c5.png,1.0416844480774832,19151,1619,826
c38dec54a9f7.png,1.0411330679771296,19536,1689,827
586f5c56081e.png,1.0411100044096737,21144,1626,828
c6229222bf22.png,1.0410250243345247,19377,1828,829
901a3552fe26.png,1.0404404496166173,19888,1625,830
8fbb2ca39911.png,1.0404164648870755,20881,1477,831
dccdf750c962.png,1.0403529647658627,21028,1538,832
1e7ccd4a1c87.png,1.0401768011386856,100426,9425,833
68987fb159ab.png,1.0399794778473797,21025,1728,834
97fdee242fea.png,1.0396094556515527,9101,777,835
5ad3dabeb2cd.png,1.0394110880923277,19970,1691,836
5e5275ddee29.png,1.0391377731717226,19382,1820,837
43bc7c066dfb.png,1.0391210704854825,20189,1718,838
7e9081e95bf6.png,1.0389006229641087,20295,1720,839
84b79243e430.png,1.0388693521306096,21173,1596,840
6a57a3db3eff.png,1.0388144166492297,20566,1679,841
d26bc6e1230d.png,1.0385407399092372,19049,1719,842
a95d9d61ddd4.png,1.038396646234978,18994,1686,843
9274e75dc4d5.png,1.038310970389734,20721,1721,844
da2bdf4236ac.png,1.0381804821672784,5465,690,845
38c7153457e2.png,1.038087508398851,21108,1693,846
57f5ad4b5b29.png,1.037686358911853,10568,1324,847
c7c3d363bc86.png,1.0376564347527002,127860,12375,848
79cbae28d8b2.png,1.0372357002394756,21568,1676,849
42b9c1977681.png,1.0369246256480176,21642,1623,850
97d02a9b94f7.png,1.0368112685550295,21783,1642,851
cb39761f0712.png,1.036738892028884,19883,1724,852
c3c8fdda50c0.png,1.0366191748560627,19741,1742,853
2eba4279e503.png,1.036284500682058,20761,1753,854
29192375ab1b.png,1.0362147157464636,20072,1656,855
3710ff45299c.png,1.0361043728808377,19627,1785,856
63e041a757eb.png,1.0360457291313174,118828,9132,857
999ad827ed35.png,1.0360124439355702,20672,1608,858
83df53d58f28.png,1.03586584253519,23135,1748,859
cf8ae5501bd6.png,1.0357905736377688,20971,1559,860
d6df4fe492ec.png,1.0348300464304903,22128,1672,861
6df8b7b6e837.png,1.034822297555019,106474,8568,862
2a2a6435f7f3.png,1.0345886668070872,21602,1511,863
e2265c383348.png,1.0342356262858656,6103,1105,864
9b4fc15df3c8.png,1.0341960308966638,5120,646,865
b3a994760537.png,1.034027636552684,19128,1459,866
276b14f72328.png,1.0337257421152555,89617,5764,867
af6a1508cd95.png,1.0336208000259774,104786,7147,868
4409965eb2a4.png,1.0334186450913256,19457,1378,869
e01b7bac822b.png,1.0330319859113608,20926,1520,870
ab686895533e.png,1.032775737669291,19441,1797,871
c5a6f432a1ec.png,1.032751558662504,6124,751,872
692e946b1f85.png,1.0325364003700157,21386,1537,873
40c24aded50c.png,1.0323260491047361,21931,1721,874
76df141d966b.png,1.031930832986661,29019,1381,875
c704bd669f36.png,1.031518094759979,18342,1609,876
4fd5ec0dca09.png,1.0313262001419388,5916,1151,877
9ed6c2b25767.png,1.0312618595729288,10578,1074,878
99c6a123ed6a.png,1.0311683242650973,18439,1527,879
983c98354e9c.png,1.0308645760828699,19799,1698,880
af7a36454670.png,1.0302082051640122,19676,1564,881
902dc5a91a3f.png,1.0299347795427796,20334,1582,882
248dec89b3a2.png,1.0298812142742466,5823,833,883
7a46cfa69bae.png,1.0294864065653544,22712,1618,884
c2a58b2cfd0b.png,1.0294660567268241,20070,1531,885
7fe7309d0b4f.png,1.029405382234817,19123,1496,886
c12e9ca420a5.png,1.0293899502282464,30102,2187,887
ad1aa75d5630.png,1.029013594259309,27425,1542,888
2a2274bcb00a.png,1.0288085025717097,113441,11646,889
e12f9f19d1be.png,1.0283524013278171,4617,906,890
8b58f9a338e8.png,1.0280680980080974,5361,780,891
e160a3b19911.png,1.0280001893313249,4814,829,892
bde1063a5dd7.png,1.0279456457269533,102450,6875,893
9c6512166557.png,1.0278754748170653,5410,789,894
85f99e7e4052.png,1.0278394351991433,104669,7535,895
2ef10194e80d.png,1.027701366341186,33365,2523,896
cd66754e1b3b.png,1.0272767648260936,4818,640,897
7ccf9d25dc48.png,1.027003484828316,19737,1653,898
384db24ebbd7.png,1.0269572139052652,18875,1502,899
851e40a21f81.png,1.0267773416478432,21263,1513,900
aeab0a63bcaf.png,1.0266511060372923,27051,1299,901
df0886f1e76b.png,1.0263649289766337,37304,3111,902
ce8d2efd9d4f.png,1.0260450395671077,19323,1545,903
9c893e16c055.png,1.0259673651125745,19734,1520,904
a1eb88562239.png,1.025889492063102,17725,1440,905
af5a0bc4e1fa.png,1.0258220779201155,10177,1027,906
b5b913358b32.png,1.0257742498433835,20049,1491,907
dcc6c0ad5cad.png,1.0243442589352603,89167,6162,908
ab7991df166b.png,1.023967582049285,7285,712,909
62b826899151.png,1.0232249328075245,21514,1567,910
db52626d450c.png,1.0230180706631804,20622,1569,911
e16af45285e5.png,1.0229177254145383,19932,1474,912
b0c9a492e068.png,1.022104863464316,108229,8837,913
404ede327e98.png,1.0220659533882464,4918,720,914
b05922e7abd3.png,1.0208276979192454,18566,1416,915
bdc6c60e9133.png,1.0203244543040022,37442,2907,916
3dec415b188a.png,1.0202569131208623,20558,1618,917
9122b31414d3.png,1.0198473982406395,16447,1488,918
e12df54e0d1e.png,1.0187687116837778,19836,1499,919
4205e9deb058.png,1.0186515049450815,16780,1432,920
5a444c32cd9a.png,1.0184612993979776,17397,1473,921
780f9c237c56.png,1.0179431975579851,21871,1441,922
6f3b62e5b7f5.png,1.0177428844914236,9923,777,923
2fdfb80ea53c.png,1.017483744098647,17951,1468,924
d88c4843aec3.png,1.0174310515500413,21690,1469,925
aaaadb174012.png,1.0172199358191643,20607,1439,926
6a2642131e4a.png,1.0171348170204728,22230,1557,927
976082127e2a.png,1.016396318689682,20156,1478,928
4cf4d528c08e.png,1.0163550445216687,28035,1358,929
a06a63d866b2.png,1.0163252057527887,19794,1469,930
3325b1fe55d2.png,1.0161047699422108,18936,1454,931
4f6abc40c72d.png,1.0160231467655272,20804,1424,932
6c4ec95dd8ba.png,1.0157385696679802,99299,6586,933
8e7981855125.png,1.0151080410104238,103607,8024,934
4704dbb59536.png,1.0150374567674894,27129,1275,935
26d9576e8043.png,1.0145737764019582,6346,1181,936
6cee2e148520.png,1.01423538288962,104699,8111,937
7be1b9aa78aa.png,1.0141956387504327,19838,1469,938
9ae54843c69a.png,1.0141946696755302,100637,8857,939
c373b73a80c8.png,1.014096799097943,30508,2387,940
a73c3d516c59.png,1.013292336628058,10582,1484,941
bd06028eb7dd.png,1.0127662221812574,19254,1536,942
c1819db0aece.png,1.012678653267772,18270,1462,943
9910c827e2fe.png,1.0125990707878052,18447,1517,944
3286073a976e.png,1.0122516072136916,10888,957,945
535682537302.png,1.012155086204825,20532,1445,946
abbb8791785e.png,1.0121165049161387,21819,1579,947
76516f828d88.png,1.0118041044042867,17331,1550,948
3d2ecffe0386.png,1.0111705313695543,5919,1166,949
bcb0498ed2c1.png,1.0105988058618092,87542,7493,950
49eb73968c44.png,1.0092019460502206,6088,844,951
4a589edaea60.png,1.00821609512805,19926,1364,952
6b3860e8f64f.png,1.0076758629131708,17105,1265,953
5ead17e894ae.png,1.0074768166466777,11516,1217,954
afc345cc9145.png,1.0074194368881007,101114,6778,955
8ab3faa3701f.png,1.0072532439216093,37624,2985,956
810ed108f5b7.png,1.007199957851771,31915,1857,957
8906c9ed54a2.png,1.0071310610734552,32391,1886,958
a85cda5f725d.png,1.0068199104320692,20883,1517,959
d38cf0f4a9af.png,1.0068074993426974,21494,1496,960
9a326446c431.png,1.0067818324755875,96054,6570,961
a8c9fcdbc0be.png,1.0060532728615534,109255,8294,962
6b91e99c9408.png,1.0051218540471218,19674,1097,963
356304d15a5c.png,1.0044401427680034,18722,1314,964
4d17559ac1e2.png,1.0043713715008797,84165,6530,965
4cfd22ae43d4.png,1.0042654304401373,16486,925,966
9e5737f771c3.png,1.004264592103229,36530,2525,967
d16e39b9d6f0.png,1.0041108696678918,34521,2088,968
b5bf7b84fc66.png,1.0033169301251574,19284,1436,969
ae2e888905ba.png,1.0032360724025016,30906,1910,970
1d29cb2f4296.png,1.0030877638062012,108744,9110,971
b73d0bcd3d33.png,1.0027888856015201,5083,571,972
d6f36ec5564a.png,1.0018785832169312,28208,1467,973
519c6e8f78dc.png,1.0016398986036974,30784,1852,974
4dd4a4bf2421.png,1.0010264596929577,19768,1352,975
ab724603ee93.png,1.0007430319856088,32910,2769,976
b842b43cb7fb.png,1.0007399369064653,32818,2647,977
840a06a9c690.png,1.0006951117713898,19078,1455,978
cbe633765ea7.png,1.0006887779401354,15590,935,979
76b950c6ed5e.png,1.0004611638884722,32674,2517,980
da6bbb76d562.png,1.0004287550204551,98137,8481,981
500aad15b7c8.png,0.999817520506964,30255,1988,982
da0a83f074f3.png,0.999718188241009,5885,1230,983
260a455692b5.png,0.9994524553416431,30514,1890,984
65e6f1bd9875.png,0.9991833839392465,104617,8762,985
ace287a5c991.png,0.9981912090255773,9034,1207,986
6dc07f968794.png,0.9981019252782586,18344,1358,987
2ef955d6d9ff.png,0.9979295978655892,5395,1093,988
25b4080f598b.png,0.9975491890907571,34341,1946,989
76f3473df8a6.png,0.9967282695543036,36409,3110,990
218c822a3dd9.png,0.996558277757933,112358,11095,991
286e9981dd9b.png,0.9964613285300326,99775,4788,992
936299166bea.png,0.9958438826462628,5086,852,993
482088e6be44.png,0.9953647706147416,35621,3166,994
7526cf435753.png,0.9952095421116031,10818,798,995
94145d1f42cf.png,0.9938766438186909,29695,2139,996
9a159d4674cd.png,0.9932493956204107,5433,959,997
1cb6961d141c.png,0.9930361160777758,6225,1160,998
96c699221180.png,0.992935776124732,20845,1458,999
360832d84ce0.png,0.9927220584219778,5589,816,1000
d1fa0f744620.png,0.9926549973575173,33572,2288,1001
cb02bb47fdc5.png,0.9922373694335275,71956,5240,1002
ae5d31979f19.png,0.9916929356601804,83423,5829,1003
43f22d1be8dd.png,0.9916069111570485,5565,713,1004
33d72035c27a.png,0.9914201717759615,33158,3426,1005
435414ccccf7.png,0.9911304720077198,36498,2728,1006
73ef3c3dcbe4.png,0.9907229734177538,97480,7310,1007
74898f372d2b.png,0.9907039119281531,123849,11685,1008
34a7dbd3f05c.png,0.9907032176839013,30572,1621,1009
6bf2a81a5d91.png,0.9900664369749602,5080,892,1010
21037f5c7790.png,0.9894323238594487,16218,1000,1011
d29b37d110f3.png,0.9883354415015985,6166,590,1012
e087bd4b88f2.png,0.9882870348517442,32669,1873,1013
de730033c683.png,0.9882794392385027,89240,4214,1014
baaca2f7e1f0.png,0.9880199117082378,17802,1076,1015
895fe2bfc5b6.png,0.9876833597007587,36309,3083,1016
4d1e7def7624.png,0.9874599400945221,81224,5934,1017
49e4b95ee2dc.png,0.987148095652705,63571,3032,1018
848e66b9e199.png,0.9869732922609821,103911,7716,1019
a06b353e7bed.png,0.9867899486348909,31857,2146,1020
757e39293591.png,0.9867024904405977,15835,1440,1021
5b994ff78547.png,0.9865115873942653,18934,1342,1022
c97472ef2c66.png,0.9844631736858985,5180,774,1023
4826d10030b3.png,0.9839516595557375,19129,1318,1024
5257cb536da2.png,0.9838810379215754,10241,1371,1025
81d79d53ed7b.png,0.9829570444386142,113934,8413,1026
2f81ee5f2926.png,0.9824064593436672,5563,780,1027
a11c62cb3f86.png,0.9816641505432264,98861,8247,1028
4ccee4db09b6.png,0.9815062991683686,32443,2168,1029
7ba6b23c4b46.png,0.9812925853428481,10946,1143,1030
64c6c6ee0d98.png,0.9812628478340799,124612,8157,1031
81371b0c01ad.png,0.9810711432451961,6266,1039,1032
6d9effbcde78.png,0.980845752072316,103287,8152,1033
4a1afe4044f4.png,0.9789728263598806,4422,819,1034
61c667663f2f.png,0.9788742395668201,16934,1165,1035
69c4cbb630de.png,0.9783153357872515,6108,1181,1036
da949aa67a4f.png,0.9768691092667464,36746,2899,1037
7569ac24762e.png,0.9754726946223574,32660,2553,1038
a06e5ac695ce.png,0.9745831380545924,35490,2014,1039
1f31701dd61b.png,0.9736345419621396,11693,773,1040
1faf8664816c.png,0.9735682111968257,17776,975,1041
c90c6b94cf40.png,0.9735205351532004,5047,606,1042
5511f114e7ee.png,0.9734685718850083,36281,2591,1043
568455854a11.png,0.9731345555321913,5546,1095,1044
8846b09384a4.png,0.9731219843284675,97173,8825,1045
880edb2cdb69.png,0.9726560714209723,17600,1038,1046
44f7f3ef9d50.png,0.9725782668491718,102432,8156,1047
5c817060c0ed.png,0.9718162883346559,16226,1183,1048
8191ae701985.png,0.9709978806520972,77441,3527,1049
cff262ed8f4c.png,0.9701820922397805,125013,10414,1050
7a12f49e29df.png,0.9689572667532995,102256,7945,1051
a6b6d27c1b32.png,0.9688760636321234,29816,1858,1052
aa60813e1a8d.png,0.9684895227264231,111676,9634,1053
898f0bc8acfa.png,0.9684799519113135,20877,1070,1054
4a96c28f3f07.png,0.9684595083570993,5974,938,1055
53ddae6a619e.png,0.9679430047890516,30903,2185,1056
41ab357d103f.png,0.966953569740563,6140,894,1057
b43440c6ebe4.png,0.9669141416910995,91173,6849,1058
6fbaaf8eb67a.png,0.9660692829794127,9158,869,1059
7f0ffeb0a333.png,0.9657520943849298,118289,10954,1060
b4e15102cd7a.png,0.9657087281490949,89314,6768,1061
c21eb81de9fc.png,0.9656566911704314,5594,762,1062
342edf9b889d.png,0.9637672717007543,4994,935,1063
ccea49708830.png,0.9634554214424257,32458,2351,1064
ab03d50bba2f.png,0.9632825107614579,24745,908,1065
bed8296c8dfe.png,0.963261510921149,29100,1579,1066
876deb29f000.png,0.9628673336079591,25060,1410,1067
8e4a354e3da2.png,0.9624138172177469,34289,2329,1068
8650d32f4a9e.png,0.9621565537106715,4945,825,1069
48a45619d1a3.png,0.9619620395000306,5461,1081,1070
b7aca95b97b9.png,0.9615776722394423,10842,1364,1071
7af4d8704032.png,0.9613936576216566,18856,1106,1072
d9ad2a0ec026.png,0.959709721808732,16821,1186,1073
83fda7c0500b.png,0.9596950417916271,122973,9332,1074
9e99ae6ee7af.png,0.9584320966910337,38585,3862,1075
894a37fc3738.png,0.9579286154499355,27830,1506,1076
2f7fbdcc9a4b.png,0.9576760227300163,31254,1884,1077
d7078e8b0349.png,0.9570124581346946,31949,2689,1078
2d558de2cabe.png,0.9548942503478778,24665,1368,1079
8ead17dfb6a6.png,0.9548585482576273,29577,1553,1080
8ee50c26fc13.png,0.9548405669929512,6180,804,1081
633fe9dbaf39.png,0.9548292659456179,89123,6821,1082
991a0b7a8c87.png,0.9540528448177884,5511,956,1083
720b5f62ce80.png,0.9537236564942451,24714,1259,1084
2c77bf969079.png,0.9523182668303279,103819,8923,1085
2221cf5c7935.png,0.9513799571083146,100613,10302,1086
83d81ba5959c.png,0.9503874530880116,29076,2676,1087
be3a7d9e981e.png,0.949797646933064,26600,1274,1088
1db0393cdbc1.png,0.9491704308796226,5863,944,1089
24f3e70f0419.png,0.9489607095835337,100262,7798,1090
8b079e79035f.png,0.9486671755109849,12392,906,1091
384e6c915722.png,0.948663699466304,110910,9339,1092
5445255635f0.png,0.9481734875256639,111416,9884,1093
d3e56584a481.png,0.9467220550271913,4330,784,1094
3823acc4e464.png,0.9466512963667572,24719,1279,1095
c5b58cc992af.png,0.9463087256776412,5983,1113,1096
d78b7401096f.png,0.9449507879615592,101009,9995,1097
77a1f1398fdb.png,0.9448782133847065,120529,10885,1098
2209daf71aab.png,0.9427960730838642,85519,3973,1099
5288f7441f64.png,0.9422718928633841,4597,643,1100
7b691d9ced34.png,0.9422424106009081,66360,3714,1101
d51c2153d151.png,0.9422424106009081,66360,3714,1102
4ef16a53d899.png,0.9412944246109608,5601,916,1103
a6356a3c5d11.png,0.9407667556311047,97427,8664,1104
6e861bc3bd7b.png,0.9406066521957087,4886,429,1105
6b664ed2a938.png,0.9395005668884093,36502,2377,1106
42c65af5ab16.png,0.938319877873838,37057,2532,1107
c1437a7a52c9.png,0.9342877175315436,119706,7516,1108
6e3526053de0.png,0.9340486084086147,10697,917,1109
a3132c8828e4.png,0.9338699896488368,26160,1680,1110
d0926ed2c8e5.png,0.9335171084398285,18329,1081,1111
de38adaae009.png,0.9332015059839059,120405,8696,1112
4ffa38550c95.png,0.9306684768841328,33545,2379,1113
8c84e96d9b01.png,0.9304728606864384,9471,1397,1114
da9574d35b82.png,0.9297173617199066,121633,9550,1115
76cab26493f1.png,0.9295425176555945,8601,731,1116
291f581d365e.png,0.9290451382574453,21106,985,1117
be6cbf6e5b10.png,0.9287017280009849,22120,1301,1118
4e85aa647534.png,0.9286913927035473,5466,838,1119
de18071c36e6.png,0.9246329055847081,4991,1058,1120
4145dcb25053.png,0.924442945505179,21263,1008,1121
3cdef7c591cc.png,0.9239848920766677,5629,905,1122
b69c224edd6e.png,0.9239788272518953,107229,10215,1123
92889b863ae6.png,0.9231307265976589,100781,5470,1124
b6d9974443ce.png,0.9230739723643082,33865,2405,1125
3ca8be3b40d6.png,0.9192090586920849,5673,869,1126
5b47043942f4.png,0.9174158340629961,5682,889,1127
af6166d57f13.png,0.9172244267333137,33607,2706,1128
4ad8d3ec8789.png,0.9161294676352731,18797,691,1129
daff5427c9b2.png,0.9157760934590855,33360,2422,1130
30db694bee42.png,0.9154180246145375,28540,1375,1131
2b5bb6d33959.png,0.9148019766658733,33111,2033,1132
1b3647865779.png,0.9139308497434873,5331,810,1133
96ea316ed0ab.png,0.9137300478008403,5408,1029,1134
2b10f138e67d.png,0.9131289440382536,5470,634,1135
6cffc6c6851a.png,0.9115550784594766,5617,805,1136
beb2ad14fd2d.png,0.9114673799205937,94583,5008,1137
20f86e068276.png,0.9107817937079775,104437,9464,1138
d2afca74cbc3.png,0.9099979930441756,5946,992,1139
dd90c321d7bc.png,0.9090955085567309,32454,3262,1140
d7e5fe5245e0.png,0.9084672578670647,49048,2026,1141
4134b290f5f3.png,0.908357659034287,114071,10031,1142
9287e57326d0.png,0.9070245789995863,23462,1111,1143
2bb3c492d6d3.png,0.9026333749206303,97415,5716,1144
484dbeb9bf2a.png,0.9018564490398867,31283,1444,1145
b7f0bc7d399e.png,0.9017344733207424,120171,10265,1146
8e6df9eedcd8.png,0.8997108301377957,118819,9943,1147
7ddcfcea7369.png,0.8991937033714372,30566,1704,1148
9ab18a4a957f.png,0.8977040869093709,30914,2633,1149
c947bb6cf9f6.png,0.8962610358426814,27510,1579,1150
c0a117de7d0a.png,0.8946374401752016,34553,2770,1151
69f43381317b.png,0.8940509989713632,32785,2878,1152
7179f85bfd6f.png,0.8938276510825568,10515,727,1153
c85b79d70079.png,0.8916985779212958,108545,7667,1154
61a62b1dcc36.png,0.8916678093852676,18021,1064,1155
683023cda6a5.png,0.8896882220379373,5283,625,1156
d7a01fca9838.png,0.8882946896748498,5925,750,1157
38f1901f214a.png,0.886952307669222,114441,7169,1158
43e9c66eb0f3.png,0.8863235064282827,128805,12841,1159
4c635a01593d.png,0.8860735565759796,31505,2122,1160
be7f791a7877.png,0.8858480450862927,32235,1678,1161
7214fc7cbe03.png,0.8856338861993459,34077,2671,1162
db6207e62c7b.png,0.8840913978082662,28673,2430,1163
3ac92ac3d65a.png,0.8827048543011441,31210,2188,1164
80ed04a84a16.png,0.8821483687631023,18852,898,1165
97f290d31813.png,0.8759747157169586,109001,8621,1166
cec299c2a2d5.png,0.8744967434661921,110315,7869,1167
26d60db3bbfd.png,0.8738133773461559,10214,1266,1168
c58971bcebb2.png,0.8732805855087291,83268,6510,1169
5b2648ad455e.png,0.8712771684689653,12327,703,1170
e47770a2e5d1.png,0.8711332504084318,98237,8473,1171
58f07741ee3b.png,0.8694027796447303,30082,1585,1172
b085caa513a8.png,0.8672584428253624,10333,1115,1173
34acae864963.png,0.8664794174178556,34031,2320,1174
bd375ba756b1.png,0.8648604291493283,24995,1012,1175
40dd4e6e4444.png,0.8648551772432723,32548,2400,1176
b963a11638f2.png,0.8641317276998465,10912,1140,1177
54b322c66d01.png,0.8640941509543912,26129,1664,1178
29f9e1ac9507.png,0.8637858223492976,6125,796,1179
e1c02f6c3362.png,0.8625347832237955,30625,2198,1180
1cc58b15f466.png,0.8620516266989162,120802,9712,1181
6d5a8362dd1e.png,0.8608767467225713,99222,7007,1182
1f9ccda4ddf2.png,0.860649182478349,5451,715,1183
33e7bf536fc5.png,0.8605395903300429,112980,9327,1184
c26f98f58350.png,0.8598439893098189,31548,2187,1185
e2ec22b3d07e.png,0.8567561790704069,9929,635,1186
cffc50047828.png,0.8519105968607386,4738,668,1187
2d3f4094c08a.png,0.8480363703857691,34375,2523,1188
a0e635689259.png,0.8477603740621225,5707,952,1189
90a9a41eec6d.png,0.8476514531552423,10661,1178,1190
de2eb5c8aa83.png,0.8473665380449844,25323,1080,1191
6b30767595d8.png,0.847113631902144,29597,1706,1192
a9b3177f01c0.png,0.8471127717059949,6031,600,1193
9ba469af2980.png,0.845388749712201,125087,9078,1194
50d8249f7bc9.png,0.844289028212487,35195,2346,1195
a07efb1ecfc0.png,0.8434937457554107,22686,805,1196
aebe87a423c8.png,0.8378871856969293,5272,572,1197
4b6cb0bcfd44.png,0.8369947692275101,18511,845,1198
2f8d14a7d390.png,0.8367341676105143,111016,6392,1199
4b6895d0cf8d.png,0.8353238217267701,8669,490,1200
992b9a07b25f.png,0.8342428066412785,87344,6915,1201
6de39b94f634.png,0.8337351220030838,37479,3163,1202
3f44d749cd0b.png,0.8312225746094702,46375,2183,1203
7e5a76c4e103.png,0.829702216444354,36878,3421,1204
830e297965a1.png,0.82839669719268,35832,2451,1205
51e656e5a541.png,0.8259827385039037,5817,668,1206
5a27b9b2a9c1.png,0.8237259881264943,11122,844,1207
750e0168399d.png,0.8228808924598653,35105,2569,1208
65dda202653d.png,0.8223282404928773,116216,7965,1209
33596a635b53.png,0.8214890080034344,36439,2771,1210
cf6551521a35.png,0.8163479368351488,19570,975,1211
dea7538bb91a.png,0.8161298765199589,10509,962,1212
a02dfd67a925.png,0.812875986324718,10470,1158,1213
d871895742b1.png,0.8126330412868372,80755,5248,1214
767d777ee889.png,0.809864006305277,24543,1238,1215
44976c3b11a6.png,0.8095752506363213,115123,9648,1216
cd01f4f83336.png,0.8063547706146601,37354,3018,1217
ac81fc200162.png,0.8043650772476392,107825,9302,1218
a0445785e2f7.png,0.8019707289652189,37674,3375,1219
5ca73d28f17f.png,0.8019255783028092,33526,2101,1220
b74de20d73de.png,0.8019047918950333,35591,2845,1221
b0f8613305a3.png,0.8012103071047091,33688,1490,1222
210bfe0127c6.png,0.7999591734286314,96083,8366,1223
a9e3d186cd1b.png,0.7971020586011842,6330,1131,1224
2585bbc91909.png,0.7957740071714434,33659,2331,1225
ae94ce412de9.png,0.7953890207874432,110532,8941,1226
bfb578c0e8d8.png,0.7951351517173548,103506,6747,1227
233d948e2544.png,0.7946760122850353,106931,8894,1228
c3b15bf9b4bc.png,0.7917315464443695,30348,2045,1229
92587e494d51.png,0.7910695943110206,35007,3070,1230
6294b378d09f.png,0.7902515058533499,5570,812,1231
e0313be77035.png,0.7893547468581417,35386,2736,1232
76bc31e0d3be.png,0.7875385763470722,24040,1067,1233
3f82631e9080.png,0.7841383490113392,21098,634,1234
436e7a7af761.png,0.7817015972922736,34050,2200,1235
338326891d84.png,0.7809913671354395,36863,3002,1236
388279491b5d.png,0.7782447555641785,37966,3413,1237
5069feccd866.png,0.775403174162251,13661,349,1238
2a7373eeb352.png,0.7728774550393847,10789,1070,1239
5baed382f062.png,0.7720166931697358,5541,841,1240
76cb010f7aa0.png,0.7715206630339714,34655,3138,1241
1b8701231c8f.png,0.7684154951584616,10100,910,1242
e33766353db2.png,0.760491157074028,5342,865,1243
b72f59b85f7c.png,0.7594380610332551,33156,3195,1244
7da558d92100.png,0.7593697683622468,4760,693,1245
cd48cfab4e44.png,0.7578555968806663,108563,9356,1246
1eee55494271.png,0.7578357624828618,9885,383,1247
27f82ada84ac.png,0.7574714771059783,10555,1048,1248
436fa3fd145a.png,0.7562405736598266,35212,2806,1249
2d07162a13b1.png,0.7556381182293573,69717,2932,1250
e26bcae6c67b.png,0.7539140503199517,105652,8147,1251
e47452069ea1.png,0.7539008458648673,37550,3023,1252
cd314653a4d8.png,0.7530556324181341,36905,2377,1253
a419fcb2dfb5.png,0.7520798654372145,5711,788,1254
b9519abce0c1.png,0.7471160307304958,5334,648,1255
331121c65e88.png,0.7457687239199463,26323,1589,1256
8f06ca4642bd.png,0.7419243656970264,4971,649,1257
8c4ceddeb1c6.png,0.7406204407411966,11331,426,1258
47536db39f00.png,0.7361803148014285,119512,8799,1259
1ec95179cdfe.png,0.7343450365646016,9183,797,1260
4a4cb731f91a.png,0.7322468977620424,36306,1984,1261
dee1031a76ae.png,0.7307854559383863,9516,859,1262
42985aa2e32f.png,0.7306222188404736,27020,1443,1263
8433a032b96c.png,0.7281879862925372,34666,2764,1264
dfea19863428.png,0.7273144246665114,9151,1046,1265
66b88a4bc474.png,0.7250622395359005,30905,1664,1266
598b8f5b3822.png,0.7242857810636807,5238,582,1267
d160ebef4117.png,0.723131570138156,8441,440,1268
d4583e9525dc.png,0.7222229741023473,9547,278,1269
50915e2329a1.png,0.7215081472628138,36083,2733,1270
b9d0b83d70c3.png,0.7196467706876267,5843,953,1271
7ad0c4975890.png,0.7191394156861233,57292,3153,1272
1ee355480567.png,0.7184170849969612,18173,726,1273
e2c3b037413b.png,0.7177504195914998,66200,4209,1274
a8b637abd96b.png,0.7177504195914998,66200,4209,1275
2399d68d407f.png,0.7172054908284531,31767,2027,1276
4731e708ede3.png,0.7159356081549868,5665,752,1277
98d41bce73a8.png,0.7156972166900651,33414,2753,1278
67d8f94f04e0.png,0.7145780851533771,33650,2253,1279
beb00fa6e7c9.png,0.7137064480296842,101765,6919,1280
2682e6da9050.png,0.7104256321314174,109564,7678,1281
bb85097857fa.png,0.710119338113477,39791,2912,1282
4c53cc97ea13.png,0.7096411016647567,30334,2679,1283
a1872f9c0cba.png,0.7065494965886091,32421,2442,1284
de4cdabbce6d.png,0.7022367813028457,37957,2753,1285
b6fd109b1bc9.png,0.7018190841126332,100133,8545,1286
2f143453bb71.png,0.701560579460791,111350,9211,1287
66460ecab347.png,0.6951629524287047,11861,351,1288
3c326543fff6.png,0.6941262862849465,34258,2650,1289
60edda7b4871.png,0.6935675201298904,6547,306,1290
3486f7096276.png,0.6928256959732138,106502,6281,1291
d9e58e4d8689.png,0.6862487613750116,59768,3723,1292
65a3b13ad9a0.png,0.6857775963035789,63663,4332,1293
a2dff8dbc9f8.png,0.6825894294509699,32754,2413,1294
7c3747c0b2c3.png,0.6817513779895631,31268,1793,1295
36e4b704b905.png,0.6799605759399978,10268,851,1296
54f57cf26126.png,0.6778619544589675,33558,2472,1297
d1f7ea924a01.png,0.6767653384416132,36590,2926,1298
4036471a1bb7.png,0.6743062033776971,6752,399,1299
ad6b07d5c338.png,0.672477774456759,29621,1615,1300
1f4fb37e0854.png,0.672368615575115,10825,1064,1301
ace2281f00c4.png,0.6686461599446828,37104,2765,1302
4c389d033cb0.png,0.6667561579790761,38560,2902,1303
4158c340fa49.png,0.6661931412668426,125060,9931,1304
58eb3809f456.png,0.6658348579176001,18780,757,1305
9870ce41cac4.png,0.6579087310370537,26688,1347,1306
7b9d519cbd66.png,0.6568255800638797,95863,4241,1307
42af7282349b.png,0.6547748217333992,43606,1287,1308
573ea80a53be.png,0.6530954518619404,35508,2375,1309
a8a6588c8eb7.png,0.650709998028549,35014,2438,1310
b532dedd928c.png,0.6436107783510008,22757,1031,1311
57a5e4274275.png,0.6342720769823652,32430,1799,1312
96793edb1003.png,0.6325698141273799,8033,655,1313
3a643599f852.png,0.6323217838880381,22942,1192,1314
87d46b1cc4e9.png,0.6310538987246787,17266,513,1315
6c6505a0c637.png,0.6306422247142067,28594,1432,1316
6a2c3f4ef329.png,0.6293720388744167,90135,4907,1317
1f5496352859.png,0.6248081024204601,33895,1710,1318
5d4e5fd34d91.png,0.62480810242046,37599,2644,1319
253e96488cfb.png,0.6215253178316027,44197,1864,1320
e322acd46152.png,0.6147486428869166,27258,1650,1321
7d48f8cdfb69.png,0.6135819935175604,30480,1802,1322
cad5b1a82e60.png,0.6102230308754124,25171,1583,1323
289a47dcbb82.png,0.6065873220581286,35913,2470,1324
2c8101f14723.png,0.606293367318469,29601,1789,1325
aeb6f4fd2eed.png,0.604449170004416,30849,2202,1326
a8aed92940fb.png,0.60356938037263,4542,753,1327
5d3c8c1f57da.png,0.6034295734779078,11263,1099,1328
628b581aa905.png,0.6023119662301476,37374,2429,1329
d4bc001f7224.png,0.5980840597353461,8901,365,1330
cd01672507c9.png,0.5977046777045762,91031,6541,1331
beeca5f14618.png,0.5975857427318279,10793,931,1332
d26bb2ed6e71.png,0.5960423163025833,19978,920,1333
4ec7796df40e.png,0.5927065986990898,24644,771,1334
609be3ca5ddf.png,0.5913853474183082,10842,1177,1335
351e842842a2.png,0.5882401641647413,87863,8922,1336
e1ab92228e60.png,0.5853908236946057,40096,1471,1337
59928f999ae7.png,0.5786771150412892,12597,334,1338
bb08949dd70a.png,0.5761949022927954,10769,1096,1339
1fddd7c98fd2.png,0.5749184882940486,106455,4906,1340
8a87dd2a784e.png,0.5739789470275722,6029,811,1341
1d74c4713e21.png,0.5582974156076307,35751,2224,1342
b16dd4483ca5.png,0.5552822173854779,39502,2920,1343
5db895d3f1fc.png,0.5482470987659538,38522,3122,1344
b64e1eef3d63.png,0.5447787878777205,37493,2253,1345
c5a0e84e955d.png,0.5404064278191205,23942,1376,1346
2923971566fe.png,0.5381135592029508,39787,2399,1347
badb5ff8d3c7.png,0.5381135592029508,39787,2399,1348
71c22da3d6c6.png,0.5338258561795105,37461,3420,1349
226c6ceb9185.png,0.5306409860822116,17665,771,1350
31360e44ac64.png,0.5236815789604137,114886,10178,1351
61d9c88a3a4b.png,0.5166456220111387,37430,2618,1352
3f0d3629d69e.png,0.5103894201944299,33491,2440,1353
a62e995f167c.png,0.5067628493138694,9993,253,1354
4dd7b322f342.png,0.5003551938450158,8724,640,1355
4982378d72f9.png,0.49924945684012345,34232,2108,1356
dc0f6e5b489b.png,0.4891641894166897,30941,1601,1357
e03a74e7d74f.png,0.45365920250082037,6807,272,1358
9be0683649ff.png,0.448863996174996,34134,2228,1359
5d9c841eb245.png,0.448863996174996,25514,1337,1360
5bf3357a2823.png,0.4432102329452112,34869,2150,1361
7269a1d84a57.png,0.4300585126535215,30514,2100,1362
77e15f213b04.png,0.42276926795428177,37961,2399,1363
e3cd96cb094c.png,0.42275214957224716,18367,950,1364
bab776139279.png,0.4217605714591122,13196,566,1365
7635921c5efb.png,0.421077708441507,32529,1782,1366
c23ff6dcf15e.png,0.41622392934422664,37436,2442,1367
c80b0f27541a.png,0.41622392934422664,88905,6887,1368
387138ddf43d.png,0.4095996661496035,10743,1211,1369
80f6b30ece8c.png,0.40070999802854884,28704,1669,1370
ad944bd56bb6.png,0.39692348819789436,35231,2594,1371
6af071b0ac6e.png,0.39692348819789436,101754,7536,1372
ccd6dcb2f568.png,0.36396210790915345,33701,2046,1373
7e70344b0c25.png,0.36075807150718914,20832,886,1374
525d0dd8dc45.png,0.35551353736486135,11181,1011,1375
88e5051f65bd.png,0.3547952063258242,30863,2237,1376
684dd88a0d49.png,0.3454708334363556,10788,1045,1377
98277aeb96a7.png,0.33333333333333354,40136,3426,1378
99c626e58464.png,0.32049032813717376,28381,1778,1379
a94da3d3b5c0.png,0.29973845317323156,19913,950,1380
7eee3d1f1268.png,0.2889975000480773,51157,2721,1381
b82dfa63a75f.png,0.23404333136188207,36696,3365,1382
962c0fc85e13.png,0.0,32460,1668,1383
43823561c3f0.png,0.0,32350,1989,1384
64ac539f58cb.png,0.0,531,59,1385
9e2ba2b979f1.png,0.0,12586,429,1386
d93b61dc8f64.png,0.0,87489,6334,1387
8a7765e785fb.png,0.0,32540,2075,1388
61da799bf0aa.png,0.0,98844,5856,1389
c546670d9684.png,0.0,35716,1559,1390
79ade634c633.png,0.0,21877,1268,1391
1f15ca672675.png,0.0,2749,168,1392
41345cec5957.png,0.0,15881,811,1393
c3aa424eff9a.png,0.0,6755,234,1394
5fcff7280019.png,0.0,9113,1080,1395
4c5ab774a381.png,0.0,11928,768,1396
b67ae80f7eba.png,0.0,9247,710,1397
a8263d248523.png,0.0,88206,7105,1398
4eabad7948cf.png,0.0,10246,238,1399
a12ca80bb8c7.png,0.0,25758,1128,1400
5056fa7d505f.png,0.0,10524,916,1401
9858cc2ae073.png,0.0,35143,1782,1402
af87d48ffe01.png,0.0,37380,2766,1403
a8854768549f.png,0.0,33915,1953,1404
318eb706a134.png,-0.0,29986,1983,1405
d91635f380b4.png,0.0,856,0,1406
d865997a6280.png,0.0,17748,851,1407
2cf18033da31.png,0.0,35572,2384,1408
72606afaf3da.png,0.0,36907,2426,1409
992599744a23.png,0.0,105971,9037,1410
db3cd58aa315.png,0.0,33382,2504,1411
735836b1ffa6.png,0.0,69476,3650,1412
ad12cde115ab.png,0.0,25940,1469,1413
91f3c4c1e72b.png,0.0,85251,6967,1414
aa6242f9e08c.png,0.0,37400,3321,1415
91b7a4179ecf.png,0.0,11420,1050,1416
30263a7d5609.png,0.0,105569,7014,1417
6cb96a6fb029.png,0.0,16696,781,1418
d56d32a1d62d.png,0.0,22737,1379,1419
cb0cc98d7e35.png,0.0,11979,520,1420
75a4343b12f9.png,0.0,1127,0,1421
ddb222ff7c1d.png,0.0,36817,2601,1422
d516f77d4516.png,0.0,20653,965,1423
d3dfd0a2dee6.png,0.0,28994,1588,1424
904b03ad5594.png,0.0,96743,6858,1425
33b978734eab.png,0.0,22441,1110,1426
22d843b2bbd1.png,0.0,24849,1113,1427
7f6690fa390a.png,0.0,10096,436,1428
3ce2f8a77a32.png,0.0,30424,1802,1429
9c14ce27cbfc.png,0.0,17066,969,1430
da6389d129aa.png,0.0,12253,521,1431
3e61703b5ab2.png,0.0,15721,1008,1432
3fe282197c1c.png,0.0,32091,2478,1433
38373431d996.png,0.0,36158,2363,1434
