id_code,diagnosis
1b3647865779,0
1b398c0494d1,0
1b862fb6f65d,0
1b8701231c8f,0
1c13a1483f4a,0
1c47815f4a6b,0
1c7a013eeba7,0
1c9c583c10bf,0
1ca35d483772,0
1ca62b3e4fd3,0
1ca91751be4d,0
1caba2fb38f6,0
1cb6961d141c,0
1cc58b15f466,0
1d0b93317aa8,0
1d2472849dce,0
1d29cb2f4296,0
1d37f1c8b6d8,0
1d3e9b939732,0
1d46f1326394,0
1d74c4713e21,0
1da4a17c18c9,0
1db0393cdbc1,0
1db6bb46c102,0
1df0431bfa73,0
1df0a4c23c95,0
1df1530b9b8d,0
1dfe599d12a9,0
1e036f2e7095,0
1e742358e0b9,0
1e7ccd4a1c87,0
1e8c31e29dd3,0
1ec95179cdfe,0
1ee355480567,0
1eee55494271,0
1f15ca672675,0
1f31701dd61b,0
1f3f32efaf20,0
1f4fb37e0854,0
1f5496352859,0
1f9ccda4ddf2,0
1faf8664816c,0
1fb455685328,0
1fddd7c98fd2,0
201f6e10c108,0
201f882365d3,0
207dd0487264,0
20f86e068276,0
21037f5c7790,0
210bfe0127c6,0
215d2b7c3fde,0
218c822a3dd9,0
2209daf71aab,0
2221cf5c7935,0
22449af52060,0
224c14366e11,0
226c6ceb9185,0
22d843b2bbd1,0
233d948e2544,0
237aa50edc34,0
2399d68d407f,0
2408799a09b2,0
240b25a7debe,0
242fc19be06f,0
248dec89b3a2,0
24de56d433cd,0
24f271c87e73,0
24f3e70f0419,0
252305189b3a,0
253e96488cfb,0
2585bbc91909,0
25a0a1e41afd,0
25b4080f598b,0
260a455692b5,0
263d8851e33b,0
266fbefa58fb,0
2682e6da9050,0
26cd40b57ad1,0
26d60db3bbfd,0
26d9576e8043,0
26fc2358a38d,0
274f4de2a59d,0
276b14f72328,0
27933cdbe0cc,0
27f82ada84ac,0
2821998fc002,0
283c3aeba594,0
28503940d10b,0
286e9981dd9b,0
28751f290ba3,0
289a47dcbb82,0
28dc010a0780,0
28f73575e1f2,0
29192375ab1b,0
291f581d365e,0
2923971566fe,0
2927665214e1,0
2974c6ad1d58,0
29a13e666266,0
29d059522fa1,0
29f9e1ac9507,0
2a2274bcb00a,0
2a2a6435f7f3,0
2a4520f1f9a3,0
2a7373eeb352,0
2a93334f663a,0
2b10f138e67d,0
2b2f5a0f880d,0
2b3a4a81d748,0
2b4c7b5f1f1e,0
2b5bb6d33959,0
2bb3c492d6d3,0
2c77bf969079,0
2c8101f14723,0
2c827005b8f8,0
2c9dfc270f1b,0
2cacdb0dffae,0
2cdcc910778d,0
2cf18033da31,0
2cfe8703f265,0
2d04cead4d3a,0
2d07162a13b1,0
2d3f4094c08a,0
2d558de2cabe,0
2da82d14e1b7,0
2db0cd3e30da,0
2dc647e00ad3,0
2dd28ac497d2,0
2eba4279e503,0
2ef10194e80d,0
2ef4a04aed1b,0
2ef955d6d9ff,0
2f143453bb71,0
2f7fbdcc9a4b,0
2f81ee5f2926,0
2f8d14a7d390,0
2fdfb80ea53c,0
2fefb720869a,0
30263a7d5609,0
306c841af3fc,0
3079490a4b9c,0
30db694bee42,0
3132556f5352,0
31360e44ac64,0
315c1a0d87fd,0
3178559fbf57,0
318eb706a134,0
3232b34cbe99,0
3254e48c8aa0,0
3286073a976e,0
328d141ed3aa,0
32d7d360d891,0
32ed318235b8,0
331121c65e88,0
3323fd59782e,0
3325b1fe55d2,0
33596a635b53,0
338326891d84,0
33b91def2035,0
33b978734eab,0
33d72035c27a,0
33e7bf536fc5,0
342edf9b889d,0
345b1f0abbba,0
348598d01e18,0
3486f7096276,0
34a7dbd3f05c,0
34acae864963,0
351e842842a2,0
35362d43e753,0
356304d15a5c,0
35777eb7859d,0
357f02a779d7,0
3580a545016d,0
3599029efeb3,0
359bab5d784b,0
35ac70c0d08f,0
35beb47fe159,0
35cd9832fc0a,0
35df2bc6ae95,0
3601dac9bed7,0
360832d84ce0,0
369229040a34,0
3694e8c8e09a,0
36e4b704b905,0
370f575adb23,0
3710ff45299c,0
3730c322d35b,0
3732de8b416f,0
37c523296d42,0
3823acc4e464,0
38373431d996,0
384db24ebbd7,0
384e6c915722,0
387138ddf43d,0
388279491b5d,0
389552047476,0
38c7153457e2,0
38f1901f214a,0
3908b3cfd620,0
393fa5a023a5,0
39f8935185e6,0
39fd8ef3a45c,0
3a4cfea0a766,0
3a643599f852,0
3abac0961bfd,0
3ac92ac3d65a,0
3af9aaa880e9,0
3b0190bbe615,0
3b10191dfd25,0
3b2b91590590,0
3b5dffe159b6,0
3b9817a39adf,0
3bf2deaa5ef0,0
3bf3085ac167,0
3c28fd846b43,0
3c326543fff6,0
3c42512c81e0,0
3c9529918097,0
3ca12e02dd4e,0
3ca8be3b40d6,0
3cab32dd6ef9,0
3cd9713c0ecb,0
3cdef7c591cc,0
3ce2f8a77a32,0
3d2ecffe0386,0
3dec415b188a,0
3e61703b5ab2,0
3f0d3629d69e,0
3f44d749cd0b,0
3f6bccf21ce8,0
3f6c627e2ff2,0
3f82631e9080,0
3f98be586fe3,0
3fd45879afe6,0
3fe282197c1c,0
401fdfd0db07,0
4036471a1bb7,0
404ede327e98,0
405085b53d7b,0
40c24aded50c,0
40dd4e6e4444,0
41345cec5957,0
4134b290f5f3,0
4145dcb25053,0
4158c340fa49,0
415d5c5e785f,0
415f2d2bd2a1,0
41960d5f58c2,0
41ab357d103f,0
4205e9deb058,0
4210809074c1,0
4276b82e4489,0
42985aa2e32f,0
42af7282349b,0
42b9c1977681,0
42c65af5ab16,0
4318b6adeb97,0
4350a1b2f3cb,0
435414ccccf7,0
436e7a7af761,0
436fa3fd145a,0
43823561c3f0,0
43bc7c066dfb,0
43e9c66eb0f3,0
43f22d1be8dd,0
4403538fb50f,0
4409965eb2a4,0
441848e0f308,0
44271f3cb18f,0
445a8a6da55c,0
4464bb62bf20,0
44878f34e31f,0
44976c3b11a6,0
44a4d04162cc,0
44a86263117b,0
44f7f3ef9d50,0
4528fbbd43a3,0
45369821d6a3,0
454792eb6e05,0
454a944eb557,0
4554062fa836,0
45693d027798,0
461fa5292fda,0
462937ece243,0
46acc506fa61,0
4704dbb59536,0
4731e708ede3,0
475300735b7f,0
47536db39f00,0
478fc46eaa49,0
482088e6be44,0
4826d10030b3,0
484dbeb9bf2a,0
4860f7813654,0
486e852a3b4d,0
48a45619d1a3,0
4926dea289f8,0
4927945ecfed,0
493d99f030e2,0
495106ae3b68,0
4958bfcc9f38,0
496155f71d0a,0
4982378d72f9,0
49e4b95ee2dc,0
49eb73968c44,0
4a05f81b3aba,0
4a1afe4044f4,0
4a4cb731f91a,0
4a589edaea60,0
4a5a6efc0bef,0
4a96c28f3f07,0
4aa3d771c5e4,0
4ab8c0cece7f,0
4ad8d3ec8789,0
4b237b958555,0
4b6895d0cf8d,0
4b6cb0bcfd44,0
4bcee3cbe232,0
4bd5d0b30198,0
4beeca5cc859,0
4c17e85686f0,0
4c389d033cb0,0
4c53cc97ea13,0
4c5ab774a381,0
4c60f6fcea75,0
4c635a01593d,0
4c6c5a1bf5ab,0
4ccee4db09b6,0
4cddfc22b0ad,0
4cde86044ad1,0
4cf4d528c08e,0
4cfd22ae43d4,0
4d167ca69ea8,0
4d17559ac1e2,0
4d1e7def7624,0
4d3de40ced3a,0
4dd14c380696,0
4dd4a4bf2421,0
4dd7b322f342,0
4e1e252317b5,0
4e231670b48c,0
4e4a6224a04e,0
4e54ccfd49b2,0
4e8585a96739,0
4e85aa647534,0
4eabad7948cf,0
4eaf2f81819d,0
4ec7796df40e,0
4ef16a53d899,0
4f5dd7660b17,0
4f6abc40c72d,0
4faf4063db8c,0
4fd5ec0dca09,0
4ffa38550c95,0
500aad15b7c8,0
501c319f7a9f,0
504a69096fcb,0
5056fa7d505f,0
5069feccd866,0
5077cdb88aed,0
5078caaf1f57,0
50915e2329a1,0
50916d67bb51,0
50d8249f7bc9,0
50ddd7d976df,0
50f5201fd18a,0
511fd66b2df8,0
519c6e8f78dc,0
51a078d6d43a,0
51aa3361294c,0
51af8a689511,0
51cd8d2057fa,0
51e656e5a541,0
521b5377a727,0
5257cb536da2,0
525d0dd8dc45,0
5264a54e1830,0
5288f7441f64,0
5293576816aa,0
529906ff9dfa,0
5299a532f0e0,0
52ddde91a349,0
52edbe29d655,0
5321ab64f9ea,0
53273d664cd8,0
53327edb9e4d,0
535682537302,0
537e5c578f40,0
53c874dbc594,0
53ddae6a619e,0
54038e56131d,0
540e4973829e,0
542964865b1e,0
54334705a34d,0
5445255635f0,0
549381330191,0
54b322c66d01,0
54bdcdecd8f3,0
54f57cf26126,0
5511f114e7ee,0
555d0bef3c5b,0
55968f0e63c4,0
55f7f018c61c,0
565f3404f9b2,0
568455854a11,0
571bbdbf585e,0
5728b8aa98ef,0
573ea80a53be,0
57a5e4274275,0
57a710de68a4,0
57db4781e7ec,0
57f5ad4b5b29,0
58059e73d2d4,0
5814cbd2e9bf,0
586f5c56081e,0
5889a0c75cac,0
58a9e0d7f7af,0
58af2c054ced,0
58c12863f33d,0
58eb3809f456,0
58f07741ee3b,0
596f4fdb0004,0
598b8f5b3822,0
59928f999ae7,0
599498e9e4bc,0
5995321563b7,0
59bd19c1c5bb,0
5a0fe0ee4301,0
5a179c123fd8,0
5a27b9b2a9c1,0
5a444c32cd9a,0
5a93c0f783c4,0
5ac7a414560e,0
5ad3dabeb2cd,0
5b1c4cefeb24,0
5b2648ad455e,0
5b32ece9c627,0
5b3d41626ec5,0
5b47043942f4,0
5b994ff78547,0
5ba156a35ff2,0
5baed382f062,0
5bea250d8bf5,0
5bf3357a2823,0
5bf6f2958e53,0
5c817060c0ed,0
5c85d22bd0de,0
5ca73d28f17f,0
5ca779ace6e7,0
5cbe88914a72,0
5ce5eeaf757a,0
5d3c8c1f57da,0
5d4e5fd34d91,0
5d5b5da5f939,0
5d6239c0fd39,0
5d9c841eb245,0
5db2e3a4594a,0
5db895d3f1fc,0
5de4615a5161,0
5e505e25cd3e,0
5e5275ddee29,0
5e97cb2b0888,0
5ea9e447bb62,0
5ead17e894ae,0
5eb8fb1aad41,0
5f4a8c074bd5,0
5f51192841f7,0
5f6db235c04d,0
5fcff7280019,0
606daaf0bfc7,0
609be3ca5ddf,0
60aa4e649abf,0
60edda7b4871,0
6107a2e9f60e,0
6110ecb3bb1c,0
6155cf375354,0
6180920bc224,0
61a62b1dcc36,0
61c667663f2f,0
61d9c88a3a4b,0
61da799bf0aa,0
628b581aa905,0
6294b378d09f,0
62b4be2799ca,0
62b826899151,0
6324d77cf926,0
633fe9dbaf39,0
639915f58a2f,0
63b71347e95d,0
63c0eafd6aa9,0
63c7b0265775,0
63e041a757eb,0
64ac539f58cb,0
64b9206afb3f,0
64c6c6ee0d98,0
650104ede84c,0
6504b703c429,0
658ad9f09f5d,0
65a3b13ad9a0,0
65a7fe9482fe,0
65cf00be6fb4,0
65dda202653d,0
65e6f1bd9875,0
65f5d2a6eb7e,0
65f69234c8a7,0
66366a90d1ef,0
66393d8c60ba,0
66460ecab347,0
6653ad026901,0
668a319c2d23,0
66b88a4bc474,0
66bfec8d6bcd,0
675de69373f8,0
67d8f94f04e0,0
67ed8cc78b97,0
682312e82ee3,0
683023cda6a5,0
684dd88a0d49,0
6852f4531591,0
68987fb159ab,0
68ddb15a74de,0
691eeb59b4cb,0
692e946b1f85,0
6966abf40b8c,0
69b3a00927fc,0
69c4cbb630de,0
69f43381317b,0
6a2642131e4a,0
6a2c3f4ef329,0
6a57a3db3eff,0
6a905a7202d2,0
6af071b0ac6e,0
6b30767595d8,0
6b3860e8f64f,0
6b664ed2a938,0
6b66b0e86f7e,0
6b91e99c9408,0
6bb30ec3231a,0
6bcce181be65,0
6bf26b777e3a,0
6bf2a81a5d91,0
6c00dd8bf708,0
6c30dd481717,0
6c3589d7ed8d,0
6c4ec95dd8ba,0
6c6505a0c637,0
6c9c902a97de,0
6cb96a6fb029,0
6ccfdb031184,0
6cee2e148520,0
6cffc6c6851a,0
6d10709053ae,0
6d4f6c9a8406,0
6d5a8362dd1e,0
6d6be4cfc73f,0
6d6fcf49e515,0
6d9effbcde78,0
6dc0281f11e3,0
6dc07f968794,0
6de39b94f634,0
6df8b7b6e837,0
6e018411ba4a,0
6e092caa065f,0
6e0f78e188ff,0
6e1db8711879,0
6e3526053de0,0
6e44f6d04fc9,0
6e861bc3bd7b,0
6f0e5848d9ce,0
6f3b62e5b7f5,0
6f460f9968c7,0
6f689fced922,0
6fbaaf8eb67a,0
6fe4751a3b42,0
6fe67fd7f5d1,0
705f508d1e42,0
70d0392397de,0
7131bf4c9e6f,0
7179f85bfd6f,0
71c22da3d6c6,0
71e43b4f8ba6,0
720b5f62ce80,0
721214151233,0
7214fc7cbe03,0
72606afaf3da,0
7269a1d84a57,0
726dff37edc0,0
72a867980067,0
72c31aa48e2c,0
7347bd23ba80,0
735836b1ffa6,0
737ef6226677,0
73a07e2ea23e,0
73ba798fee25,0
73d40ce06a67,0
73ef3c3dcbe4,0
74211a2b6dcf,0
7435e9a3e36e,0
74898f372d2b,0
750e0168399d,0
75238d945315,0
7526c59c36d3,0
7526cf435753,0
75369248dba0,0
7569ac24762e,0
757e39293591,0
75a071608ea6,0
75a4343b12f9,0
75c180e04f65,0
75ed83dbccce,0
76095c338728,0
7635921c5efb,0
763ad1236efe,0
76516f828d88,0
767d777ee889,0
76b950c6ed5e,0
76bc31e0d3be,0
76cab26493f1,0
76cb010f7aa0,0
76df141d966b,0
76e5b50f95a7,0
76f3473df8a6,0
77a1f1398fdb,0
77ab222bf85c,0
77acc2cafee1,0
77b7b71ebcc3,0
77e15f213b04,0
780be525036d,0
780f9c237c56,0
780f9daaa24b,0
7828dd083cdc,0
7831ce1d895e,0
784d6d302f98,0
78937523f7a8,0
789c60cba801,0
789f0ec1eab8,0
799214e8b07c,0
79ade634c633,0
79cbae28d8b2,0
7a06ea127e02,0
7a12f49e29df,0
7a39c91416e2,0
7a42443ed106,0
7a46cfa69bae,0
7a6495a39d87,0
7a77c3eb468c,0
7a9f45fdf29b,0
7aabd768abff,0
7ad0c4975890,0
7adfb8fc0621,0
7af4d8704032,0
7b691d9ced34,0
7b87b0015282,0
7b9d519cbd66,0
7ba6b23c4b46,0
7bc00e58d419,0
7be1b9aa78aa,0
7c2e852171c0,0
7c3747c0b2c3,0
7c6594b50690,0
7ccf9d25dc48,0
7ce671f952be,0
7d0a871c45db,0
7d11dbc1e738,0
7d48f8cdfb69,0
7d94a000c2d0,0
7da558d92100,0
7ddcfcea7369,0
7e5a76c4e103,0
7e70344b0c25,0
7e77b61e1639,0
7e9081e95bf6,0
7e980424868e,0
7ec0e61a7e29,0
7ed4128b2a4e,0
7ee6de71c140,0
7eeb191ad06b,0
7eee3d1f1268,0
7f0ffeb0a333,0
7f1f3269f546,0
7f2123bc89a3,0
7f2cce721e19,0
7f39c36469b5,0
7f43becd3e83,0
7f6690fa390a,0
7fc3a8bb40de,0
7fdb177b8f7d,0
7fe7309d0b4f,0
8010c931321f,0
80b5697f2a5e,0
80c67efc8101,0
80dbeb0fdc75,0
80e6e425f966,0
80ed04a84a16,0
80f6b30ece8c,0
810ed108f5b7,0
81371b0c01ad,0
81704925f759,0
8185ce1cdcef,0
81914ceb4e74,0
8191ae701985,0
81d79d53ed7b,0
82088c6734e6,0
8241e43408a8,0
82d364726a58,0
82e5bc01f8a4,0
83038ca49b6d,0
830e297965a1,0
8329e80c10ac,0
8344c783da65,0
83517eaeccb9,0
835b9f6e12ba,0
837acf120946,0
838b3e4d0bb4,0
83a63c4a3e4a,0
83d81ba5959c,0
83df53d58f28,0
83fda7c0500b,0
840a06a9c690,0
8433a032b96c,0
8448af27ba07,0
847b04287c9c,0
848e66b9e199,0
84b472c49cfa,0
84b4da14bc23,0
84b79243e430,0
84b88e8d3bca,0
851e40a21f81,0
8564b7aa3c1a,0
85f99e7e4052,0
86410aa13b3e,0
8650d32f4a9e,0
8660e1864665,0
8693ab1fd2be,0
86d58f850a0c,0
870f433e8f37,0
870fbe6eaa68,0
87295c5fa1cc,0
874f8c1929f6,0
875d2ffcbf47,0
876deb29f000,0
878e356c8fc9,0
87a9f4d20f07,0
87b671c6d4c5,0
87d46b1cc4e9,0
880edb2cdb69,0
881ec6186e68,0
883c6a184f16,0
883ddb650967,0
8846b09384a4,0
885fa5fc5da8,0
88e4399d207c,0
88e5051f65bd,0
8906c9ed54a2,0
891329021e12,0
894a37fc3738,0
895fe2bfc5b6,0
896ad584a841,0
898f0bc8acfa,0
8a3eb86ae4bd,0
8a482c024fc2,0
8a7765e785fb,0
8a81f62320d6,0
8a87dd2a784e,0
8a8a251770cd,0
8aa3c4681542,0
8ab3faa3701f,0
8acdf12f412a,0
8af50c9d0a86,0
8b079e79035f,0
8b568d47a1fd,0
8b58f9a338e8,0
8b8fe3fc8950,0
8be6629a6039,0
8bf05909e1e1,0
8bf2d925dc0c,0
8c29a76fa08c,0
8c4ceddeb1c6,0
8c84e96d9b01,0
8ceff4c4c860,0
8d13c46e7d75,0
8d4d14a4ab07,0
8d4ff745a409,0
8d9516ea3587,0
8dafa62f9322,0
8e2a3978c244,0
8e4a354e3da2,0
8e67f2d7e0ee,0
8e6df9eedcd8,0
8e76054f0831,0
8e7981855125,0
8ead17dfb6a6,0
8ead8f37423c,0
8ed586c43023,0
8ee50c26fc13,0
8f06ca4642bd,0
8f10e41a2f02,0
8f14bca04b47,0
8f9819752ca0,0
8fbb2ca39911,0
8ffa608170d3,0
901a3552fe26,0
902dc5a91a3f,0
9039cbfcbb2f,0
904b03ad5594,0
906d02fb822d,0
9095d43fb132,0
90960ddf4d14,0
90a786abe58e,0
90a9a41eec6d,0
90bde2ff8953,0
9122b31414d3,0
912fbe06407e,0
916915f01e17,0
91b7a4179ecf,0
91e82fe4e434,0
91f3c4c1e72b,0
922586d86cd8,0
9232dc06cfdc,0
92587e494d51,0
9274e75dc4d5,0
9287e57326d0,0
92889b863ae6,0
92e3d608fd3c,0
92fcf50b3562,0
930fee99213a,0
934104859e68,0
93421787f520,0
936299166bea,0
937bc1b924b1,0
93802d1e3c41,0
93a1b984de84,0
93d6d20a5ee3,0
94076a9fb9b5,0
94145d1f42cf,0
941d874c8afb,0
942f544c4e15,0
946545473380,0
949710bead24,0
94b9ccc73bb9,0
94f9ecf4b8d2,0
9519a590985d,0
956765d5f46d,0
958c1fa044ba,0
959bb2d01091,0
962c0fc85e13,0
966c07831334,0
96793edb1003,0
9688c6ef5dc5,0
969f92a390db,0
96b5474ae604,0
96c699221180,0
96ce10a1dbd7,0
96ea316ed0ab,0
971bb98ab935,0
973b0facfa9b,0
974c7d7b9c64,0
976082127e2a,0
97a235367f9d,0
97c6cb55866d,0
97d02a9b94f7,0
97f290d31813,0
97fdee242fea,0
98277aeb96a7,0
983c98354e9c,0
98441214557f,0
9858cc2ae073,0
9870ce41cac4,0
98d41bce73a8,0
98e44127872f,0
9910c827e2fe,0
991a0b7a8c87,0
99240ee00485,0
992599744a23,0
992b9a07b25f,0
996f9bba4ef0,0
9985375d709f,0
999ad827ed35,0
99c626e58464,0
99c6a123ed6a,0
9a1029536d78,0
9a159d4674cd,0
9a326446c431,0
9a56cfb980ec,0
9ab18a4a957f,0
9ac2e3e9fca5,0
9ac41b9a809e,0
9ae54843c69a,0
9b4fc15df3c8,0
9b57e43b44e7,0
9b70f84400af,0
9ba469af2980,0
9bbb6c455913,0
9bd008aab548,0
9be0683649ff,0
9be71d6d7e59,0
9c14ce27cbfc,0
9c514d2d5b3f,0
9c6512166557,0
9c893e16c055,0
9ce46d400cd6,0
9cf7c1349673,0
9d1feed37610,0
9d62478042b6,0
9d75de31f1b8,0
9de9421f17e3,0
9e2058917304,0
9e2a8135f471,0
9e2ba2b979f1,0
9e5737f771c3,0
9e7a63b2fc6a,0
9e99ae6ee7af,0
9ed6c2b25767,0
9f1b14dfa14c,0
9f285b3e57ed,0
9f8112c710be,0
9f935fb38440,0
9fa02dfb5553,0
a02dfd67a925,0
a0445785e2f7,0
a06a63d866b2,0
a06b353e7bed,0
a06e5ac695ce,0
a07d571bf7ba,0
a07d9a5045cb,0
a07efb1ecfc0,0
a08a0133754a,0
a0adbe677508,0
a0b7ad98df57,0
a0e635689259,0
a0fd94e2ad76,0
a11c62cb3f86,0
a12ca80bb8c7,0
a1822dd8d05d,0
a1872f9c0cba,0
a188c60b93fb,0
a1b28bcbce00,0
a1e236fbc863,0
a1eb88562239,0
a1edf0e66592,0
a1faeb4d5f10,0
a2163f0c2af5,0
a247961a5cd9,0
a26f50218b84,0
a2811f512c1c,0
a2b97d98f130,0
a2b995b81692,0
a2dff8dbc9f8,0
a30a143a53a3,0
a3132c8828e4,0
a34fc5376669,0
a384e688e228,0
a3bd2e034614,0
a4012932e18d,0
a419fcb2dfb5,0
a44345b27804,0
a45c30da0c72,0
a484bdf85b4c,0
a4ee03ecff60,0
a528be013a04,0
a53d6d2472a6,0
a5bb85afc6e8,0
a61723fc38c2,0
a627eb8c08c5,0
a62e995f167c,0
a6356a3c5d11,0
a646c084928c,0
a654b25124c3,0
a673193cd5a9,0
a6731dd737af,0
a6b6d27c1b32,0
a70d0f12a641,0
a73c3d516c59,0
a73d012c4c38,0
a76132e79688,0
a7673ac44509,0
a77eb914b383,0
a7b03e58a6e1,0
a7c10ca6c117,0
a821b6ecef33,0
a8263d248523,0
a82a12ad3fb1,0
a85cda5f725d,0
a86128b601a7,0
a88365134c3c,0
a8854768549f,0
a8a6588c8eb7,0
a8aed92940fb,0
a8b3c0961d42,0
a8b637abd96b,0
a8c9fcdbc0be,0
a8dea22ef903,0
a94da3d3b5c0,0
a95d9d61ddd4,0
a963ac561580,0
a96ff96bbae5,0
a987aa7aac37,0
a9a3225cf4b5,0
a9b3177f01c0,0
a9bc2f892cb3,0
a9dc80cba9a4,0
a9e3d186cd1b,0
aa10a4b2e709,0
aa4407aab872,0
aa60813e1a8d,0
aa6242f9e08c,0
aa8a1e814811,0
aa94cc4bfd84,0
aaaadb174012,0
aabd867043cf,0
aafb0c944f14,0
aafe980edd0c,0
ab03d50bba2f,0
ab32db41c409,0
ab3c505b624f,0
ab653b8554c0,0
ab686895533e,0
ab724603ee93,0
ab78a66dee6a,0
ab7991df166b,0
ab88081e5654,0
abbb8791785e,0
abe940882578,0
ac0a48ccbf70,0
ac1667fac512,0
ac17cc18a994,0
ac81fc200162,0
ace2281f00c4,0
ace287a5c991,0
acf976efd7ce,0
ad029ba7fa8b,0
ad12cde115ab,0
ad1aa75d5630,0
ad20080452de,0
ad312ca98202,0
ad6b07d5c338,0
ad93d88c87ea,0
ad944bd56bb6,0
addf66a50f42,0
ae20112e7a1e,0
ae2c3f6312ef,0
ae2e888905ba,0
ae49cc60f251,0
ae57c8630249,0
ae58ccb5905e,0
ae5d31979f19,0
ae61e19fb766,0
ae94ce412de9,0
ae975c43bd8b,0
aeab0a63bcaf,0
aeb6f4fd2eed,0
aebe87a423c8,0
aec51513cf45,0
aeccef0bdc26,0
af345c68e836,0
af5a0bc4e1fa,0
af6166d57f13,0
af6a1508cd95,0
af7a36454670,0
af87d48ffe01,0
afc345cc9145,0
afc744fad65e,0
b05922e7abd3,0
b0619ca93a5f,0
b085caa513a8,0
b086c7cd3868,0
b09101adb478,0
b0acd3593310,0
b0b3b16fc305,0
b0c9a492e068,0
b0f0fa677d5f,0
b0f8613305a3,0
b10fca20c885,0
b11dcdcbc8c8,0
b16dd4483ca5,0
b1c6f0997e27,0
b200c23b299b,0
b21abe5d9722,0
b22cc1bf0b8a,0
b294927b14b0,0
b2b79b37d314,0
b2b7ccd34cbd,0
b351ae99413a,0
b35cad8fe2d7,0
b3a994760537,0
b3f31c371e59,0
b43440c6ebe4,0
b460ca9fa26f,0
b46b09a45f39,0
b4b04d81acbb,0
b4e15102cd7a,0
b5204c0decc7,0
b532dedd928c,0
b549af91bd30,0
b553e7909535,0
b598bc9753c2,0
b5a3ca5c0a80,0
b5b913358b32,0
b5bf7b84fc66,0
b5e6ae31493c,0
b64e1eef3d63,0
b66f23ffa730,0
b67ae80f7eba,0
b69c224edd6e,0
b6bf847fbcb2,0
b6d9974443ce,0
b6fd109b1bc9,0
b70e7c26f51e,0
b72a86d61959,0
b72f59b85f7c,0
b73d0bcd3d33,0
b74de20d73de,0
b759cbef90c5,0
b77b88926843,0
b7983cb3f270,0
b7a1bb106051,0
b7aca95b97b9,0
b7bd4a6627b6,0
b7ce561a7328,0
b7f0bc7d399e,0
b8297a2291f5,0
b82dfa63a75f,0
b835b6e31a59,0
b842b43cb7fb,0
b86fb2d5be1a,0
b8dab47a260e,0
b8e20c076b03,0
b8e9a8f4617d,0
b92eacd1392a,0
b9519abce0c1,0
b963a11638f2,0
b9bc81fcb075,0
b9c7c5182075,0
b9d0b83d70c3,0
b9fe7da14a32,0
ba0107fb1bfd,0
ba2ea9182090,0
ba4e62c11cc0,0
baaca2f7e1f0,0
bab776139279,0
bac1744955c2,0
bacfa2b8e706,0
badb5ff8d3c7,0
bb08949dd70a,0
bb2f89488ecd,0
bb752b179751,0
bb85097857fa,0
bc34f52c37c7,0
bc7bf19b84e3,0
bc8c6a778cde,0
bc92a61a1f9c,0
bcb0498ed2c1,0
bd06028eb7dd,0
bd34a0639575,0
bd375ba756b1,0
bd500a73beae,0
bda91b76095b,0
bdc6c60e9133,0
bde1063a5dd7,0
bdf47b9f10c4,0
be197b663520,0
be3a7d9e981e,0
be521870a0ea,0
be6cbf6e5b10,0
be7f791a7877,0
be8697eb2078,0
beb00fa6e7c9,0
beb2ad14fd2d,0
bebfbd907cac,0
bed8296c8dfe,0
beeca5f14618,0
bf6cbccacf39,0
bf7221a016b5,0
bf7b4eae7ad0,0
bf811911acf9,0
bf87aedf2489,0
bfa30ebf63a8,0
bfb578c0e8d8,0
bff51afc76d4,0
bffca6eeb2bf,0
c013e869acce,0
c06024f05a16,0
c096131ad065,0
c0a117de7d0a,0
c12e9ca420a5,0
c1437a7a52c9,0
c1819db0aece,0
c18a006f7f1d,0
c21eb81de9fc,0
c23ff6dcf15e,0
c24bcf7a1bc4,0
c25e02b39c01,0
c26f98f58350,0
c2a58b2cfd0b,0
c2f3281cf528,0
c334f8688b77,0
c365c598ad4e,0
c373b73a80c8,0
c3789c1dab96,0
c38dec54a9f7,0
c3aa424eff9a,0
c3b15bf9b4bc,0
c3c8fdda50c0,0
c446985355f1,0
c4aef0d88d1b,0
c546670d9684,0
c56293f53191,0
c57c164bca05,0
c58971bcebb2,0
c58e5c0c5b33,0
c597ef460944,0
c5a0e84e955d,0
c5a6f432a1ec,0
c5b58cc992af,0
c5bec7f1e5f3,0
c6229222bf22,0
c62cef02efa2,0
c639d837f5e4,0
c64c0966b4cf,0
c6916bc42016,0
c6a8f8f998a2,0
c6d4e4a3bd4c,0
c6f5b5b5be41,0
c704bd669f36,0
c755a0c4edcc,0
c7c3d363bc86,0
c7d0deb71576,0
c80b0f27541a,0
c81c6911f5e0,0
c85b79d70079,0
c90c6b94cf40,0
c947bb6cf9f6,0
c94f37085d0f,0
c97472ef2c66,0
c98f623d08d1,0
c9c563864ab1,0
c9e697117f3f,0
ca05f7e7801b,0
ca2b54b95ade,0
cad5b1a82e60,0
cadde4030858,0
cae33655ca00,0
cb02bb47fdc5,0
cb0cc98d7e35,0
cb2201c226d6,0
cb28adab4e8a,0
cb39761f0712,0
cb68fce07789,0
cbc23af521f3,0
cbe633765ea7,0
cc671a73e1cb,0
cc964bf04dbc,0
ccd6dcb2f568,0
ccea49708830,0
cd01672507c9,0
cd01f4f83336,0
cd1c98ec48b1,0
cd314653a4d8,0
cd48cfab4e44,0
cd563556cb57,0
cd66754e1b3b,0
cd8da43e3069,0
cd941e5bc659,0
ce6f33a81ad5,0
ce754234d760,0
ce8d2efd9d4f,0
ceb32a193eff,0
cec299c2a2d5,0
cf6551521a35,0
cf8ae5501bd6,0
cf8f1bc7a215,0
cfb17a7cc8d4,0
cfdbaef73a8b,0
cfed7c1172ec,0
cff262ed8f4c,0
cffc50047828,0
d02b79fc3200,0
d0926ed2c8e5,0
d160ebef4117,0
d16e39b9d6f0,0
d16e59a2b33a,0
d18f6431ebce,0
d1a60c3b9fe5,0
d1afdb8cf70d,0
d1b279cc02ae,0
d1ca85af57c9,0
d1cf31577a59,0
d1f7ea924a01,0
d1fa0f744620,0
d26bb2ed6e71,0
d26bc6e1230d,0
d27ac9e54901,0
d29b37d110f3,0
d2afca74cbc3,0
d2c5fb82fe5f,0
d2cd47ed2c1d,0
d2d523e9f669,0
d2dc86021c67,0
d2fb715b0c41,0
d30d079e6f9a,0
d332d7b8a26e,0
d38cf0f4a9af,0
d39752cb6e57,0
d3dfd0a2dee6,0
d3e56584a481,0
d436c06f0490,0
d4583e9525dc,0
d4bc001f7224,0
d516f77d4516,0
d51c2153d151,0
d51e5d7484ea,0
d56d32a1d62d,0
d57d1be1bbd1,0
d5ad3362424c,0
d5c63a8d9e94,0
d6130f2ec903,0
d667af5742f6,0
d6803e467592,0
d69698f838db,0
d6b109c82067,0
d6dbb0820ea5,0
d6df4fe492ec,0
d6f36ec5564a,0
d6f6bdfd8011,0
d7078e8b0349,0
d74ccc796517,0
d774692d9919,0
d78b7401096f,0
d7a01fca9838,0
d7ab5c040294,0
d7ac4a0c9760,0
d7bc00091cfc,0
d7bc62d60e8c,0
d7e5fe5245e0,0
d807c53c1399,0
d838d5b9f571,0
d844a7252f4e,0
d865997a6280,0
d866c26d76f0,0
d871895742b1,0
d881c04f01fe,0
d88c4843aec3,0
d8da9de62743,0
d911dd40c63b,0
d91635f380b4,0
d93b61dc8f64,0
d97911a32918,0
d99b0f7dd9b9,0
d99dd99be001,0
d9ad2a0ec026,0
d9c9b9786da3,0
d9d2631f043c,0
d9e58e4d8689,0
da0a83f074f3,0
da2bdf4236ac,0
da3a2275c850,0
da6389d129aa,0
da6bbb76d562,0
da9262d9f5d9,0
da949aa67a4f,0
da9574d35b82,0
da9fe02dead3,0
daad7b617f21,0
daff5427c9b2,0
db3cd58aa315,0
db52626d450c,0
db6207e62c7b,0
dc0eea0b68a7,0
dc0f6e5b489b,0
dcc6c0ad5cad,0
dccdf750c962,0
dce73d90c00c,0
dcf109df1a2b,0
dd02d60bef14,0
dd285d9e97fe,0
dd3176bacfe2,0
dd90c321d7bc,0
ddb222ff7c1d,0
de18071c36e6,0
de2eb5c8aa83,0
de38adaae009,0
de4cdabbce6d,0
de55ed25e0e8,0
de57c9e9fa93,0
de6210f88536,0
de730033c683,0
dea7538bb91a,0
dec5595e6154,0
dee1031a76ae,0
dee31065f8fe,0
df0886f1e76b,0
df6d13d04da1,0
df9cb3729eb1,0
dfc7ec7db0e0,0
dfea19863428,0
e01b7bac822b,0
e0313be77035,0
e03a74e7d74f,0
e04f3c6619a3,0
e067b06fd655,0
e06cccc08c59,0
e087bd4b88f2,0
e0d229db881a,0
e12df54e0d1e,0
e12f9f19d1be,0
e135d7ba9a0e,0
e160a3b19911,0
e16af45285e5,0
e1ab92228e60,0
e1b8acb1cea1,0
e1c02f6c3362,0
e1dc02a3dc2a,0
e2265c383348,0
e246cd89e1cc,0
e251bdf05b85,0
e26bcae6c67b,0
e29e54ff921e,0
e2c39ed0c941,0
e2c3b037413b,0
e2ec22b3d07e,0
e30a890600e1,0
e322acd46152,0
e33766353db2,0
e3b47ed5b511,0
e3cd96cb094c,0
e42d9a94a66d,0
e47452069ea1,0
e47770a2e5d1,0
e4a44f9158dc,0
e4ae1ee6aada,0
e4b0df29b96f,0
e4c799738a19,0
e4d3d437b0a8,0
