image_id,original_file,vessel_file,fractal_dimension,branch_points,end_points,skeleton_length,vessel_pixel_count,vessel_path,valid,rank,fd_zscore
675de69373f8,675de69373f8.png,675de69373f8_vessel.png,1.5458566486747456,39,136,6979,6979,vessel_extracted/675de69373f8_vessel.png,True,1,1.3442345319477071
e160a3b19911,e160a3b19911.png,e160a3b19911_vessel.png,1.545427060788315,41,146,6856,6856,vessel_extracted/e160a3b19911_vessel.png,True,2,1.3393577988288488
86d58f850a0c,86d58f850a0c.png,86d58f850a0c_vessel.png,1.542096773814769,40,146,8184,8184,vessel_extracted/86d58f850a0c_vessel.png,True,3,1.3015519823889672
d7ab5c040294,d7ab5c040294.png,d7ab5c040294_vessel.png,1.5390635804191901,37,126,6964,6964,vessel_extracted/d7ab5c040294_vessel.png,True,4,1.2671188078154791
404ede327e98,404ede327e98.png,404ede327e98_vessel.png,1.5388137378003608,39,123,6900,6900,vessel_extracted/404ede327e98_vessel.png,True,5,1.2642825644943025
5257cb536da2,5257cb536da2.png,5257cb536da2_vessel.png,1.53686206624622,50,142,8519,8519,vessel_extracted/5257cb536da2_vessel.png,True,6,1.2421269553492373
d30d079e6f9a,d30d079e6f9a.png,d30d079e6f9a_vessel.png,1.535217076215379,59,183,14761,14761,vessel_extracted/d30d079e6f9a_vessel.png,True,7,1.223452831573893
69c4cbb630de,69c4cbb630de.png,69c4cbb630de_vessel.png,1.5348721062081252,39,133,6933,6933,vessel_extracted/69c4cbb630de_vessel.png,True,8,1.219536690750265
26d9576e8043,26d9576e8043.png,26d9576e8043_vessel.png,1.5321502519897736,43,124,7092,7092,vessel_extracted/26d9576e8043_vessel.png,True,9,1.1886378757915186
c97472ef2c66,c97472ef2c66.png,c97472ef2c66_vessel.png,1.529974739688244,31,129,7104,7104,vessel_extracted/c97472ef2c66_vessel.png,True,10,1.1639411996829236
1db0393cdbc1,1db0393cdbc1.png,1db0393cdbc1_vessel.png,1.529509805358249,40,125,6924,6924,vessel_extracted/1db0393cdbc1_vessel.png,True,11,1.158663209504896
cd66754e1b3b,cd66754e1b3b.png,cd66754e1b3b_vessel.png,1.5294991273398966,39,114,6768,6768,vessel_extracted/cd66754e1b3b_vessel.png,True,12,1.1585419913621415
a26f50218b84,a26f50218b84.png,a26f50218b84_vessel.png,1.5294524219868255,25,110,7404,7404,vessel_extracted/a26f50218b84_vessel.png,True,13,1.1580117866023145
a9e3d186cd1b,a9e3d186cd1b.png,a9e3d186cd1b_vessel.png,1.528835753478632,46,123,7259,7259,vessel_extracted/a9e3d186cd1b_vessel.png,True,14,1.1510112918671136
48a45619d1a3,48a45619d1a3.png,48a45619d1a3_vessel.png,1.528677799400443,43,119,6979,6979,vessel_extracted/48a45619d1a3_vessel.png,True,15,1.149218178260574
82e5bc01f8a4,82e5bc01f8a4.png,82e5bc01f8a4_vessel.png,1.5284561814175885,66,181,14144,14144,vessel_extracted/82e5bc01f8a4_vessel.png,True,16,1.146702344386158
9c6512166557,9c6512166557.png,9c6512166557_vessel.png,1.5282221639170066,39,125,6960,6960,vessel_extracted/9c6512166557_vessel.png,True,17,1.1440457497019765
c704bd669f36,c704bd669f36.png,c704bd669f36_vessel.png,1.5271071619669783,61,175,14139,14139,vessel_extracted/c704bd669f36_vessel.png,True,18,1.1313881140724562
57f5ad4b5b29,57f5ad4b5b29.png,57f5ad4b5b29_vessel.png,1.526803165752175,34,152,7874,7874,vessel_extracted/57f5ad4b5b29_vessel.png,True,19,1.1279371126462836
a70d0f12a641,a70d0f12a641.png,a70d0f12a641_vessel.png,1.5264808655088422,65,209,14307,14307,vessel_extracted/a70d0f12a641_vessel.png,True,20,1.1242783216968073
